date,close,volume,ticker,SMA 3,SMA 5,SMA 7,SMA 14,SMA 21,SMA 42,WMA 3,WMA 5,WMA 7,WMA 14,WMA 21,WMA 42,DEMA 3,DEMA 5,DEMA 7,DEMA 14,DEMA 21,DEMA 42,KAMA 3,KAMA 5,KAMA 7,KAMA 14,KAMA 21,KAMA 42,RSI 3,RSI 5,RSI 7,RSI 14,RSI 21,RSI 42,ADX 3,ADX 5,ADX 7,ADX 14,ADX 21,ADX 42,MOM 3,MOM 5,MOM 7,MOM 14,MOM 21,MOM 42,CCI 3,CCI 5,CCI 7,CCI 14,CCI 21,CCI 42,BOP 3,BOP 5,BOP 7,BOP 14,BOP 21,BOP 42,CMO 3,CMO 5,CMO 7,CMO 14,CMO 21,CMO 42,ROCR 3,ROCR 5,ROCR 7,ROCR 14,ROCR 21,ROCR 42,Aroon Down 3,Aroon Up 3,Aroon Down 5,Aroon Up 5,Aroon Down 7,Aroon Up 7,Aroon Up 14,Aroon Down 14,Aroon Down 21,Aroon Up 21,Aroon Down 42,Aroon Up 42,DX 3,DX 5,DX 7,DX 14,DX 21,DX 42,MINUS_DI 3,MINUS_DI 5,MINUS_DI 7,MINUS_DI 14,MINUS_DI 21,MINUS_DI 42,PLUS_DI 3,PLUS_DI 5,PLUS_DI 7,PLUS_DI 14,PLUS_DI 21,PLUS_DI 42,MINUS_DM 3,MINUS_DM 5,MINUS_DM 7,MINUS_DM 14,MINUS_DM 21,MINUS_DM 42,PLUS_DM 3,PLUS_DM 5,PLUS_DM 7,PLUS_DM 14,PLUS_DM 21,PLUS_DM 42,Real Lower Band 3,Real Upper Band 3,Real Middle Band 3,Real Lower Band 5,Real Middle Band 5,Real Upper Band 5,Real Lower Band 7,Real Upper Band 7,Real Middle Band 7,Real Lower Band 14,Real Middle Band 14,Real Upper Band 14,Real Upper Band 21,Real Middle Band 21,Real Lower Band 21,Real Lower Band 42,Real Upper Band 42,Real Middle Band 42,NATR 3,NATR 5,NATR 7,NATR 14,NATR 21,NATR 42,MAMA,FAMA,MACD_Signal,MACD_Hist,MACD,SlowK,SlowD,PPO,ULTOSC,SAR,Chaikin A/D,OBV
2018-10-25,5.68,110898.0,TBIO,5.4333,5.572,5.9571,6.8957,7.8157,9.2424,5.47,5.5147,5.6871,6.3049,6.9386,8.2771,5.4667,5.3135,5.255,5.4281,5.8122,6.6226,5.5964,5.6718,5.6534,5.6587,5.6965,6.7876,45.6654,30.9911,24.9068,20.7999,24.385,34.2423,45.6466,39.2564,33.8057,21.4794,12.5772,4.5824,-0.06,-1.28,-1.45,-3.08,-4.22,-5.06,100.0,-11.234,-49.3592,-94.7541,-111.0742,-160.0266,0.5402,0.5402,0.5402,0.5402,0.5402,0.5402,-8.6691,-38.0177,-50.1863,-58.4001,-51.23,-31.5153,0.9895,0.8161,0.7966,0.6484,0.5737,0.5289,33.3333,100.0,60.0,0.0,71.4286,0.0,7.1429,85.7143,90.4762,0.0,95.2381,33.3333,16.0737,30.9487,33.1386,30.3408,24.637,14.0792,25.8259,30.7461,31.3061,28.8355,26.2756,22.9342,18.6732,16.2129,15.7217,15.4108,15.8878,17.2733,0.603,1.2237,1.741,3.1485,4.362,8.2267,0.436,0.6453,0.8743,1.6827,2.6375,6.1961,5.0071,5.8596,5.4333,5.0956,5.572,6.0484,4.6737,7.2406,5.9571,4.634,6.8957,9.1574,11.0494,7.8157,4.582,5.5171,12.9677,9.2424,13.7021,14.0141,13.9867,13.736,13.9558,15.1939,5.1295,1.0526,-1.0534,-0.1859,-1.2393,18.8606,11.5685,-19.9636,24.9054,7.6713,-5226019.4469,1661605.0
2018-10-26,5.54,83096.0,TBIO,5.46,5.516,5.7657,6.66,7.6057,9.1195,5.5233,5.504,5.5829,6.1241,6.7317,8.1049,5.4952,5.343,5.2438,5.2986,5.6308,6.4291,5.5956,5.667,5.6368,5.6283,5.6547,6.6003,38.6798,28.2211,23.2757,20.051,23.7929,33.8744,35.789,37.5948,33.7104,22.1124,13.1515,4.8086,0.08,-0.28,-1.34,-3.3,-4.41,-5.16,46.6102,24.109,-38.8134,-80.9625,-101.1514,-147.0988,-0.0704,-0.0704,-0.0704,-0.0704,-0.0704,-0.0704,-22.6405,-43.5577,-53.4485,-59.8979,-52.4143,-32.2513,1.0147,0.9519,0.8052,0.6267,0.5568,0.5178,0.0,66.6667,40.0,0.0,57.1429,14.2857,0.0,78.5714,85.7143,4.7619,92.8571,30.9524,16.0737,30.9487,33.1386,30.3408,24.637,14.0792,17.7359,25.1401,27.2476,26.9483,25.1464,22.4785,12.8238,13.2568,13.6836,14.4022,15.205,16.9301,0.402,0.979,1.4923,2.9236,4.1543,8.0308,0.2907,0.5162,0.7494,1.5625,2.5119,6.0485,5.0206,5.8994,5.46,5.1085,5.516,5.9235,4.7105,6.8209,5.7657,4.5772,6.66,8.7428,10.8305,7.6057,4.3809,5.2568,12.9823,9.1195,13.6375,14.0578,14.1224,13.9926,14.2374,15.5121,5.1336,1.073,-1.0887,-0.1411,-1.2298,30.5468,19.1779,-20.6666,24.879,7.3241,-5255278.6018,1578509.0
2018-10-29,5.39,48213.0,TBIO,5.5367,5.446,5.5414,6.4336,7.3862,8.9883,5.4883,5.462,5.4889,5.9548,6.5303,7.9314,5.401,5.2946,5.1904,5.1684,5.4542,6.2377,5.5842,5.654,5.5919,5.5684,5.5805,6.3956,31.0468,25.2041,21.5146,19.2513,23.1601,33.4795,43.7771,34.914,30.0884,21.0916,12.9831,4.8676,0.23,-0.35,-1.57,-3.17,-4.61,-5.51,100.0,117.8791,46.1782,-55.8327,-82.7655,-128.034,-0.1463,-0.1463,-0.1463,-0.1463,-0.1463,-0.1463,-37.9064,-49.5919,-56.9709,-61.4975,-53.6797,-33.0411,1.0446,0.939,0.7744,0.6297,0.539,0.4945,0.0,100.0,20.0,100.0,42.8571,0.0,0.0,71.4286,80.9524,0.0,90.4762,28.5714,59.7533,24.1905,8.3566,7.822,9.6159,7.2879,8.505,16.4697,20.1929,23.1755,22.7727,21.4689,33.7595,26.9804,23.8756,19.8129,18.7773,18.5522,0.268,0.7832,1.2791,2.7148,3.9565,7.8396,1.0638,1.283,1.5123,2.3209,3.2623,6.7745,5.2998,5.7735,5.5367,5.1011,5.446,5.7909,5.1197,5.9632,5.5414,4.5461,6.4336,8.321,10.5563,7.3862,4.2161,5.004,12.9726,8.9883,19.4869,17.6445,16.7884,15.5281,15.3857,16.2886,5.1362,1.0933,-1.115,-0.1054,-1.2204,35.5271,28.3115,-21.3285,22.8698,7.0219,-5295260.114,1530296.0
2018-10-30,5.49,42008.0,TBIO,5.4733,5.452,5.4943,6.2543,7.1738,8.8614,5.465,5.4767,5.4761,5.829,6.3579,7.7687,5.4497,5.3393,5.2166,5.0994,5.325,6.0709,5.5722,5.653,5.5881,5.5524,5.5569,6.2513,42.4112,31.3225,25.8768,21.4993,24.5644,34.0049,49.1025,32.7693,26.9839,20.1438,12.8228,4.9252,-0.19,0.03,-0.33,-2.51,-4.46,-5.33,-76.25,-32.9197,-33.3799,-69.6466,-91.0186,-130.1578,0.15,0.15,0.15,0.15,0.15,0.15,-15.1776,-37.3549,-48.2464,-57.0015,-50.8713,-31.9903,0.9665,1.0055,0.9433,0.6863,0.5518,0.5074,0.0,66.6667,0.0,80.0,28.5714,0.0,14.2857,64.2857,76.1905,23.8095,88.0952,26.1905,59.7533,24.1905,8.3566,7.822,9.6159,7.2879,6.6155,14.2259,18.1835,21.9639,21.9758,21.1135,26.2593,23.3048,21.4996,18.7771,18.1202,18.2451,0.1787,0.6265,1.0964,2.5209,3.7681,7.6529,0.7092,1.0264,1.2963,2.1551,3.107,6.6132,5.3486,5.5981,5.4733,5.1053,5.452,5.7987,5.1391,5.8495,5.4943,4.5259,6.2543,7.9826,10.2237,7.1738,4.1239,4.7802,12.9426,8.8614,16.3976,16.0443,15.6893,14.9369,14.9066,15.8714,5.1397,1.1135,-1.1302,-0.0609,-1.1911,30.5346,32.2028,-21.7154,26.6727,6.89,-5303661.714,1572304.0
2018-10-31,5.63,76841.0,TBIO,5.5033,5.546,5.4786,6.1064,6.97,8.7429,5.5433,5.536,5.51,5.7457,6.2175,7.6184,5.577,5.4537,5.3096,5.0893,5.2439,5.9307,5.5746,5.6504,5.5886,5.5647,5.5741,6.1618,57.2183,39.9229,32.0458,24.6615,26.5379,34.744,52.6528,31.0535,24.3228,19.2637,12.6701,4.9815,0.09,0.47,-0.11,-2.07,-4.28,-4.98,-36.056,-50.0206,7.9879,-58.9518,-81.0362,-119.6435,0.2408,0.2408,0.2408,0.2408,0.2408,0.2408,14.4366,-20.1543,-35.9084,-50.6771,-46.9243,-30.5119,1.0162,1.0911,0.9808,0.7312,0.5681,0.5306,66.6667,33.3333,0.0,60.0,14.2857,71.4286,7.1429,57.1429,71.4286,19.0476,85.7143,23.8095,59.7533,24.1905,8.3566,7.822,9.6159,7.2879,5.0894,12.3357,16.4636,20.9049,21.2725,20.7962,20.2015,20.2082,19.466,17.8718,17.5403,17.9709,0.1191,0.5012,0.9397,2.3408,3.5886,7.4707,0.4728,0.8211,1.1111,2.0012,2.959,6.4558,5.3065,5.7002,5.5033,5.341,5.546,5.751,5.1605,5.7967,5.4786,4.5527,6.1064,7.6601,9.8273,6.97,4.1127,4.5831,12.9026,8.7429,13.8565,14.4342,14.4835,14.2101,14.3004,15.3366,5.1446,1.1337,-1.1329,-0.0105,-1.1434,22.1636,29.4084,-21.6782,29.8146,6.89,-5283722.0509,1649145.0
2018-11-01,5.85,107842.0,TBIO,5.6567,5.58,5.5343,5.9914,6.779,8.636,5.7167,5.6373,5.6029,5.7115,6.1157,7.4838,5.787,5.6463,5.4783,5.1462,5.2182,5.8226,5.697,5.6585,5.6006,5.5947,5.6296,6.1236,73.3624,51.7833,41.0417,29.4695,29.5777,35.8998,62.2415,34.2765,24.7578,18.1179,12.166,4.9528,0.46,0.17,0.39,-1.61,-4.01,-4.49,100.0,82.4525,113.3032,-29.0305,-61.1429,-103.4979,0.2198,0.2198,0.2198,0.2198,0.2198,0.2198,46.7247,3.5666,-17.9165,-41.0609,-40.8446,-28.2005,1.0853,1.0299,1.0714,0.7842,0.5933,0.5658,33.3333,0.0,0.0,40.0,0.0,57.1429,0.0,50.0,66.6667,14.2857,83.3333,21.4286,81.4189,47.1686,27.3673,3.222,2.0838,3.7757,3.2145,9.6376,13.8816,19.2225,20.1322,20.2702,31.3853,26.8468,24.3425,20.5025,19.3103,18.7952,0.0794,0.401,0.8055,2.1736,3.4177,7.2928,0.7753,1.117,1.4125,2.3183,3.2782,6.7622,5.3603,5.953,5.6567,5.2686,5.58,5.8914,5.1251,5.9434,5.5343,4.629,5.9914,7.3539,9.3609,6.779,4.1972,4.4156,12.8563,8.636,14.0754,14.2242,14.1698,13.8099,13.8479,14.7787,5.1517,1.1538,-1.1214,0.0459,-1.0755,27.4805,26.7262,-21.4706,30.842,6.6443,-5280166.8202,1756987.0
2018-11-02,5.93,38265.0,TBIO,5.8033,5.658,5.6443,5.9043,6.6252,8.514,5.8533,5.754,5.7018,5.7033,6.0385,7.358,5.9153,5.799,5.6313,5.2213,5.2161,5.7317,5.8005,5.703,5.6554,5.6199,5.6795,6.0906,77.9093,55.7538,44.1769,31.1893,30.6731,36.3199,69.3116,37.4308,25.4991,17.168,11.6331,4.9122,0.44,0.39,0.77,-1.22,-3.23,-5.12,83.9162,96.6203,122.9776,-4.0645,-46.8008,-92.6772,0.0294,0.0294,0.0294,0.0294,0.0294,0.0294,55.8187,11.5076,-11.6462,-37.6215,-38.6539,-27.3602,1.0801,1.0704,1.1492,0.8294,0.6474,0.5367,0.0,100.0,40.0,20.0,0.0,42.8571,7.1429,42.8571,61.9048,9.5238,80.9524,19.0476,83.4518,50.048,29.9467,4.8193,0.9754,3.249,2.2751,8.0027,12.212,18.0533,19.3196,19.8852,25.2215,24.0388,22.6528,19.8815,18.9464,18.6337,0.0529,0.3208,0.6904,2.0183,3.255,7.1192,0.5869,0.9636,1.2807,2.2227,3.1921,6.6712,5.5496,6.057,5.8033,5.2465,5.658,6.0695,5.2859,6.0027,5.6443,4.7028,5.9043,7.1058,8.9978,6.6252,4.2527,4.2838,12.7442,8.514,13.0794,13.5193,13.6198,13.4696,13.5567,14.5053,5.1594,1.1738,-1.0978,0.0942,-1.0036,34.7882,28.1441,-20.8863,32.9009,6.4305,-5290295.7907,1795252.0
2018-11-05,6.53,50717.0,TBIO,6.1033,5.886,5.7657,5.8614,6.519,8.4055,6.2167,6.0447,5.9232,5.7868,6.0299,7.2657,6.401,6.2148,5.9986,5.4396,5.3244,5.704,6.1247,6.0706,5.8115,5.6413,5.7526,6.1464,92.4356,75.0304,61.903,42.5111,38.2381,39.3727,76.6945,42.7537,28.0502,16.9128,11.3268,4.8017,0.9,1.14,0.85,-0.6,-2.23,-4.56,100.0,126.2731,157.8035,56.203,-23.2005,-77.7094,0.5128,0.5128,0.5128,0.5128,0.5128,0.5128,84.8712,50.0608,23.8059,-14.9779,-23.5239,-21.2545,1.1599,1.2115,1.1496,0.9158,0.7454,0.5888,0.0,100.0,20.0,0.0,0.0,28.5714,0.0,35.7143,57.1429,4.7619,78.5714,16.6667,91.4603,64.0451,43.3571,13.5955,5.2004,0.2696,1.2969,5.8634,9.8369,16.2248,18.0067,19.2411,29.0767,26.7519,24.8962,21.3306,19.9822,19.1376,0.0353,0.2566,0.5918,1.8742,3.1,6.9497,0.7912,1.1709,1.4977,2.464,3.4401,6.9123,5.4964,6.7103,6.1033,5.1703,5.886,6.6017,5.0467,6.4847,5.7657,4.8037,5.8614,6.9192,8.691,6.519,4.3471,4.2114,12.5996,8.4055,13.8909,13.4051,13.1611,12.6381,12.578,13.2854,5.1731,1.1938,-1.0559,0.1679,-0.888,54.2723,38.847,-19.9035,37.9609,5.0,-5259518.8078,1845969.0
2018-11-06,6.59,25272.0,TBIO,6.35,6.106,5.9157,5.8407,6.4119,8.2869,6.46,6.2793,6.1293,5.8839,6.0363,7.1813,6.5997,6.4679,6.2647,5.6379,5.4343,5.686,6.3315,6.3014,6.0325,5.6526,5.8261,6.2169,93.1147,76.32,63.2639,43.512,38.9377,39.669,81.7634,47.196,30.3702,16.7215,11.0567,4.6885,0.74,1.1,1.05,-0.29,-2.25,-4.98,81.294,102.8572,129.5276,99.1108,-4.9065,-68.5044,0.0123,0.0123,0.0123,0.0123,0.0123,0.0123,86.2295,52.64,26.5278,-12.976,-22.1246,-20.6619,1.1265,1.2004,1.1895,0.9578,0.7455,0.5696,0.0,100.0,0.0,100.0,28.5714,14.2857,7.1429,28.5714,52.381,0.0,76.1905,14.2857,91.9012,64.9654,44.2903,14.2342,5.6548,0.0478,0.8965,4.7616,8.5012,15.0853,17.1588,18.8089,21.2432,22.4207,22.0184,20.0926,19.2157,18.7909,0.0235,0.2053,0.5072,1.7403,2.9524,6.7842,0.5575,0.9667,1.3138,2.318,3.3063,6.7777,5.754,6.946,6.35,5.3381,6.106,6.8739,5.0291,6.8024,5.9157,4.8547,5.8407,6.8268,8.3215,6.4119,4.5023,4.1766,12.3972,8.2869,13.2744,13.0853,12.9346,12.5067,12.4554,13.1438,5.1873,1.2138,-1.0012,0.2187,-0.7825,70.9661,53.3422,-17.4973,41.9566,5.0176,-5246723.7271,1871241.0
2018-11-07,6.75,56820.0,TBIO,6.6233,6.33,6.11,5.8257,6.3257,8.1729,6.66,6.494,6.3379,6.0051,6.0671,7.1098,6.767,6.6829,6.5047,5.8436,5.5625,5.6862,6.5175,6.5008,6.3514,5.6628,5.886,6.2943,94.934,79.7979,66.9383,46.2019,40.8149,40.4638,85.6517,51.3636,32.7927,16.6867,10.8663,4.5918,0.82,1.12,1.36,-0.21,-1.81,-4.79,100.0,110.6327,118.8727,174.3531,25.2042,-56.3351,0.1081,0.1081,0.1081,0.1081,0.1081,0.1081,89.8681,59.5957,33.8766,-7.5962,-18.3701,-19.0723,1.1383,1.1989,1.2523,0.9698,0.7886,0.5849,33.3333,100.0,0.0,100.0,14.2857,0.0,0.0,21.4286,47.619,0.0,73.8095,11.9048,93.4282,68.0339,47.3274,16.2348,7.0581,0.6277,0.74,4.3003,7.9277,14.5817,16.7799,18.6133,21.781,22.6051,22.174,20.2339,19.3285,18.8484,0.0157,0.1642,0.4348,1.616,2.8118,6.6227,0.4617,0.8634,1.2161,2.2424,3.2388,6.7064,6.4376,6.809,6.6233,5.5955,6.33,7.0645,5.1746,7.0454,6.11,4.9039,5.8257,6.7475,7.9869,6.3257,4.6645,4.1654,12.1803,8.1729,10.467,11.3164,11.607,11.7296,11.8421,12.6572,5.2029,1.2337,-0.9366,0.2584,-0.6782,87.5894,70.9426,-14.8036,50.7131,5.053,-5229831.2947,1928061.0
2018-11-08,6.79,44208.0,TBIO,6.71,6.518,6.2957,5.895,6.2681,8.0648,6.7433,6.6473,6.5079,6.1337,6.1093,7.0455,6.8345,6.8081,6.6725,6.0242,5.6851,5.6922,6.6386,6.6293,6.5463,5.7438,5.9238,6.3623,95.3908,80.6844,67.8755,46.8829,41.2887,40.664,88.3106,54.7745,34.9219,16.6711,10.6926,4.4992,0.26,0.94,1.3,0.97,-1.21,-4.54,57.3153,84.9345,93.0237,147.4152,37.6132,-52.5553,0.1143,0.1143,0.1143,0.1143,0.1143,0.1143,90.7815,61.3687,35.751,-6.2342,-17.4225,-18.672,1.0398,1.1607,1.2368,1.1667,0.8488,0.5993,0.0,100.0,0.0,100.0,0.0,100.0,0.0,14.2857,42.8571,9.5238,71.4286,9.5238,93.6284,68.418,47.697,16.4679,7.2191,0.704,0.5931,3.8583,7.3783,14.102,16.4198,18.4276,18.0242,20.5755,20.8354,19.6623,18.975,18.6889,0.0105,0.1314,0.3727,1.5006,2.6779,6.465,0.3178,0.7007,1.0524,2.0922,3.0946,6.5567,6.5372,6.8828,6.71,5.899,6.518,7.137,5.4116,7.1798,6.2957,4.848,5.895,6.942,7.7693,6.2681,4.7669,4.1602,11.9693,8.0648,8.6551,10.0307,10.6267,11.1958,11.4572,12.4058,5.2188,1.2536,-0.8664,0.2808,-0.5855,90.1026,82.886,-11.6614,54.1126,5.1079,-5210885.009,1972269.0
2018-11-09,6.5,56153.0,TBIO,6.68,6.632,6.42,5.9493,6.211,7.9526,6.6383,6.6413,6.5589,6.2144,6.1303,6.9727,6.6228,6.7006,6.6474,6.1013,5.7453,5.6738,6.6344,6.6123,6.5379,5.7781,5.9476,6.3817,48.1669,57.7272,54.7489,42.6661,38.9171,39.6733,71.2734,53.4914,35.2989,16.438,10.4449,4.3922,-0.09,0.57,0.87,0.76,-1.2,-4.71,-100.0,27.6846,57.3808,102.9019,36.2433,-53.805,0.0816,0.0816,0.0816,0.0816,0.0816,0.0816,-3.6662,15.4543,9.4977,-14.6678,-22.1659,-20.6534,0.9863,1.0961,1.1545,1.1324,0.8442,0.5798,0.0,100.0,20.0,100.0,0.0,100.0,100.0,7.1429,38.0952,4.7619,69.0476,7.1429,37.1991,48.3593,37.5612,13.4085,5.4921,0.004,5.8228,6.0701,8.4956,14.3036,16.4793,18.4267,12.721,17.4389,18.717,18.7333,18.3947,18.4253,0.097,0.1951,0.4094,1.4834,2.6404,6.4011,0.2119,0.5605,0.902,1.9428,2.9472,6.4006,6.4234,6.9366,6.68,6.3979,6.632,6.8661,5.7197,7.1203,6.42,4.862,5.9493,7.0365,7.5748,6.211,4.8471,4.1465,11.7587,7.9526,8.5403,9.8903,10.5919,11.3984,11.7575,12.8302,5.2316,1.2735,-0.799,0.2696,-0.5294,83.6828,87.1249,-8.6124,50.7632,5.1791,-5255578.2131,1916116.0
2018-11-12,5.99,22576.0,TBIO,6.4267,6.524,6.44,5.9871,6.141,7.8357,6.2933,6.4273,6.4514,6.2198,6.1103,6.8814,6.1567,6.3472,6.4009,6.0393,5.7127,5.6125,6.3951,6.5265,6.5309,5.7836,5.9498,6.3245,20.8883,35.514,39.1962,36.4561,35.1851,38.0052,70.5686,49.1476,32.4976,15.7841,10.2774,4.4157,-0.76,-0.54,0.14,0.53,-1.47,-4.91,-100.0,-142.5267,-86.1129,12.2119,-14.57,-70.8369,-0.589,-0.589,-0.589,-0.589,-0.589,-0.589,-58.2234,-28.9721,-21.6075,-27.0877,-29.6298,-23.9897,0.8874,0.9173,1.0239,1.0971,0.8029,0.5495,100.0,66.6667,0.0,80.0,0.0,85.7143,92.8571,0.0,33.3333,0.0,66.6667,4.7619,69.159,31.7721,15.69,7.2831,6.9258,5.3797,40.2364,25.575,21.4512,19.985,20.0608,20.0389,7.3359,13.242,15.6327,17.2716,17.462,17.9928,0.7746,0.8661,1.0609,2.0874,3.2246,6.9587,0.1412,0.4484,0.7732,1.804,2.8069,6.2482,5.7653,7.088,6.4267,5.9499,6.524,7.0981,5.8006,7.0794,6.44,4.9343,5.9871,7.04,7.387,6.141,4.8949,4.0979,11.5735,7.8357,10.7136,11.3071,11.7954,12.4572,12.7989,13.915,5.2392,1.2933,-0.7432,0.2231,-0.5201,60.1828,77.9894,-6.7229,48.2145,5.2672,-5264303.9063,1893540.0
2018-11-13,6.29,20503.0,TBIO,6.26,6.464,6.4914,6.0679,6.1,7.7317,6.225,6.3493,6.4139,6.2602,6.1238,6.8095,6.2235,6.3171,6.3678,6.0666,5.7402,5.5848,6.3831,6.5167,6.5236,5.8206,5.9584,6.3204,47.2486,49.7357,49.1161,41.8204,38.8094,39.5371,70.0988,45.6725,30.0966,15.1769,10.1178,4.4387,-0.5,-0.3,0.36,1.13,-0.86,-4.37,-26.6739,-64.374,-68.2064,27.8198,10.2245,-62.6495,0.4014,0.4014,0.4014,0.4014,0.4014,0.4014,-5.5028,-0.5287,-1.7678,-16.3591,-22.3812,-20.9259,0.9264,0.9545,1.0607,1.219,0.8797,0.5901,66.6667,33.3333,80.0,60.0,14.2857,71.4286,85.7143,0.0,28.5714,4.7619,64.2857,2.381,69.159,31.7721,15.69,7.2831,6.9258,5.3797,27.8176,21.1101,18.897,18.8702,19.337,19.7058,5.0717,10.9302,13.7713,16.3081,16.832,17.6938,0.5164,0.6929,0.9094,1.9383,3.0711,6.793,0.0942,0.3588,0.6627,1.6752,2.6732,6.0994,5.8414,6.6786,6.26,5.8678,6.464,7.0602,5.9791,7.0037,6.4914,5.1123,6.0679,7.0234,7.2646,6.1,4.9354,4.0717,11.3917,7.7317,9.8383,10.4362,10.9296,11.6664,12.0418,13.1528,5.2497,1.3131,-0.6912,0.2082,-0.4829,44.6914,62.8523,-4.3251,51.5363,5.3508,-5258829.2833,1914043.0
2018-11-14,5.91,33290.0,TBIO,6.0633,6.296,6.4029,6.0843,6.0419,7.6217,6.05,6.1647,6.2686,6.2391,6.1065,6.7248,5.9718,6.0896,6.1781,5.9964,5.7015,5.5266,6.3207,6.421,6.4758,5.8216,5.9567,6.2691,28.9321,36.8634,39.5749,37.5019,36.1229,38.3088,74.9253,47.3414,30.8324,15.3295,10.2727,4.5316,-0.59,-0.84,-0.62,0.23,-1.22,-4.62,-100.0,-90.0495,-114.7615,-31.2645,-23.6118,-71.1083,-0.5618,-0.5618,-0.5618,-0.5618,-0.5618,-0.5618,-42.1358,-26.2731,-20.8502,-24.9963,-27.7542,-23.3825,0.9092,0.8756,0.9051,1.0405,0.8289,0.5613,100.0,0.0,100.0,40.0,100.0,57.1429,78.5714,0.0,23.8095,0.0,61.9048,0.0,84.5784,54.0173,35.2478,17.3129,13.3706,8.3438,35.3105,27.3427,23.6592,21.1626,20.8037,20.3763,2.9502,8.1633,11.3273,14.9163,15.8966,17.2379,0.7513,0.9613,1.1865,2.2069,3.3318,7.0383,0.0628,0.287,0.568,1.5555,2.5459,5.9542,5.7362,6.3905,6.0633,5.6459,6.296,6.9461,5.7522,7.0535,6.4029,5.1483,6.0843,7.0203,7.1132,6.0419,4.9707,4.0276,11.2158,7.6217,12.0004,11.8976,12.1219,12.6053,12.9229,14.0237,5.2563,1.3328,-0.6486,0.17,-0.4786,31.3772,45.4171,-2.0965,46.1731,5.4303,-5262943.7777,1880753.0
2018-11-15,7.33,88265.0,TBIO,6.51,6.404,6.5086,6.2121,6.0633,7.5498,6.6833,6.5093,6.5004,6.4052,6.2236,6.7112,6.9584,6.7575,6.6759,6.2957,5.9176,5.6036,6.524,6.4493,6.5128,5.9635,5.9713,6.3262,77.6019,71.4176,67.283,55.8494,49.7667,44.8656,64.7795,44.2645,30.2074,15.2213,10.1398,4.4585,1.34,0.54,0.74,1.79,0.45,-3.02,100.0,116.301,99.5004,136.2124,134.1534,-27.9627,0.8082,0.8082,0.8082,0.8082,0.8082,0.8082,55.2039,42.8351,34.5659,11.6988,-0.4667,-10.2688,1.2237,1.0795,1.1123,1.3231,1.0654,0.7082,66.6667,100.0,80.0,100.0,85.7143,100.0,100.0,14.2857,19.0476,4.7619,59.5238,4.7619,44.488,31.9567,26.4574,13.8148,7.4832,1.4597,15.6506,16.7386,16.7259,17.8737,18.6277,19.3536,40.7359,32.4613,28.7604,23.6037,21.6411,19.927,0.5009,0.769,1.017,2.0492,3.1732,6.8707,1.3036,1.4914,1.7487,2.7062,3.6865,7.0742,5.3096,7.7104,6.51,5.3861,6.404,7.4219,5.5867,7.4305,6.5086,5.1307,6.2121,7.2936,7.2157,6.0633,4.911,4.0575,11.042,7.5498,14.5532,12.5359,11.85,11.1737,11.0808,11.6165,5.2771,1.3526,-0.5902,0.2337,-0.3565,52.4712,42.8466,0.7404,52.3355,5.5058,-5208542.2606,1969018.0
2018-11-16,6.8,34141.0,TBIO,6.68,6.464,6.5157,6.3129,6.0557,7.4655,6.8283,6.6413,6.5732,6.4836,6.2906,6.6763,6.9005,6.8234,6.7649,6.4069,6.016,5.6291,6.5346,6.4545,6.5144,6.0118,5.9763,6.3562,56.0946,56.8911,56.0843,49.9547,45.9226,43.1136,58.0157,41.8029,29.6717,15.1208,10.0133,4.3871,0.51,0.3,0.05,1.41,-0.16,-3.54,52.8497,86.4073,89.3893,119.9244,145.1637,-23.8546,-0.3656,-0.3656,-0.3656,-0.3656,-0.3656,-0.3656,12.1892,13.7822,12.1687,-0.0905,-8.1548,-13.7728,1.0811,1.0462,1.0074,1.2616,0.977,0.6576,33.3333,66.6667,60.0,80.0,71.4286,85.7143,92.8571,7.1429,14.2857,0.0,57.1429,2.381,44.488,31.9567,26.4574,13.8148,7.4832,1.4597,10.8995,13.3586,14.1932,16.4378,17.6178,18.8478,28.3695,25.9063,24.4053,21.7075,20.4678,19.4062,0.3339,0.6152,0.8717,1.9029,3.0221,6.7071,0.8691,1.1931,1.4989,2.5129,3.511,6.9058,5.5082,7.8518,6.68,5.3964,6.464,7.5316,5.5857,7.4457,6.5157,5.2957,6.3129,7.33,7.1862,6.0557,4.9252,4.0773,10.8536,7.4655,15.0171,13.5456,12.9025,12.1612,12.0269,12.5494,5.2923,1.3723,-0.532,0.2329,-0.2991,57.0218,46.9567,2.8551,49.3987,5.52,-5230935.8198,1934877.0
2018-11-19,6.84,37166.0,TBIO,6.99,6.634,6.5229,6.4093,6.1043,7.3817,6.9083,6.7667,6.6543,6.5539,6.3619,6.6472,6.8909,6.8724,6.8347,6.5073,6.1107,5.6585,6.5712,6.4798,6.5161,6.0575,5.9988,6.3866,57.4303,57.7027,56.7186,50.3804,46.2516,43.2848,51.2185,39.1236,28.8637,14.949,9.8602,4.3101,0.93,0.85,0.05,1.35,1.02,-3.52,-100.0,48.0509,64.5276,90.636,114.3845,-25.2578,0.3429,0.3429,0.3429,0.3429,0.3429,0.3429,14.8605,15.4054,13.4373,0.7608,-7.4968,-13.4303,1.1574,1.1419,1.0074,1.2459,1.1753,0.6602,0.0,33.3333,40.0,60.0,57.1429,71.4286,85.7143,0.0,9.5238,90.4762,54.7619,0.0,37.624,28.4063,24.016,12.7152,6.7967,1.1552,9.5759,12.1381,13.198,15.7821,17.1287,18.5884,21.128,21.7702,21.541,20.3803,19.6268,19.0229,0.2626,0.5322,0.7872,1.8069,2.9182,6.5874,0.5794,0.9545,1.2848,2.3334,3.3438,6.7414,6.5081,7.4719,6.99,5.6555,6.634,7.6125,5.5838,7.4619,6.5229,5.4695,6.4093,7.3491,7.2769,6.1043,4.9316,4.112,10.6514,7.3817,13.3642,12.8199,12.4566,11.9575,11.8746,12.4226,5.3078,1.3919,-0.4751,0.2276,-0.2474,68.3149,59.2693,4.5714,47.6817,5.6491,-5242616.5626,1972043.0
2018-11-20,6.99,23773.0,TBIO,6.8767,6.774,6.5929,6.5064,6.1638,7.3102,6.9083,6.8853,6.7711,6.6313,6.4424,6.629,6.9883,6.9739,6.9399,6.6261,6.221,5.7014,6.6221,6.5073,6.5272,6.1094,6.0316,6.4174,63.6503,61.1329,59.291,52.0282,47.509,43.9331,46.687,36.9801,28.1712,14.7894,9.7143,4.235,-0.34,0.7,0.49,1.36,1.25,-3.0,-79.1045,27.4447,47.4247,73.5271,95.9683,-24.834,0.381,0.381,0.381,0.381,0.381,0.381,27.3007,22.2658,18.5821,4.0564,-4.982,-12.1338,0.9536,1.1113,1.0754,1.2416,1.2178,0.6997,0.0,0.0,20.0,40.0,42.8571,57.1429,78.5714,0.0,4.7619,85.7143,52.381,0.0,37.624,28.4063,24.016,12.7152,6.7967,1.1552,7.787,10.8401,12.1961,15.1824,16.6965,18.3654,17.181,19.4422,19.9056,19.6057,19.1316,18.7947,0.1751,0.4257,0.6747,1.6779,2.7792,6.4306,0.3863,0.7636,1.1012,2.1667,3.1845,6.5809,6.7131,7.0402,6.8767,5.8328,6.774,7.7152,5.5996,7.5861,6.5929,5.6299,6.5064,7.383,7.3825,6.1638,4.9452,4.1421,10.4784,7.3102,10.7211,11.2376,11.3064,11.2943,11.3525,12.0097,5.3246,1.4116,-0.4185,0.2263,-0.1922,63.048,62.7949,6.0927,51.7084,5.7705,-5222239.7055,1995816.0
2018-11-21,6.99,26735.0,TBIO,6.94,6.99,6.7357,6.5879,6.2367,7.2402,6.965,6.9573,6.8704,6.6958,6.5175,6.6141,7.013,7.0208,7.0022,6.7217,6.3185,5.7432,6.7856,6.5728,6.563,6.1501,6.0758,6.4461,63.6503,61.1329,59.291,52.0282,47.509,43.9331,51.3638,37.9544,28.9483,15.0032,9.7408,4.2018,0.19,1.08,1.0,1.14,1.53,-2.94,88.5714,8.0409,47.5445,77.6518,96.4455,-18.7976,-0.0156,-0.0156,-0.0156,-0.0156,-0.0156,-0.0156,27.3007,22.2658,18.5821,4.0564,-4.982,-12.1338,1.0279,1.1827,1.1669,1.1949,1.2802,0.7039,100.0,0.0,0.0,20.0,28.5714,42.8571,71.4286,0.0,0.0,80.9524,50.0,2.381,60.7175,41.8514,33.6109,17.7819,10.2722,2.8381,5.4569,9.0057,10.7457,14.2911,16.0486,18.0279,22.326,21.9691,21.6263,20.4728,19.7231,19.0811,0.1167,0.3406,0.5783,1.558,2.6469,6.2774,0.4775,0.8309,1.1639,2.232,3.2529,6.6442,6.7986,7.0814,6.94,6.6167,6.99,7.3633,5.8484,7.6231,6.7357,5.7599,6.5879,7.4158,7.4612,6.2367,5.0121,4.1786,10.3019,7.2402,10.1994,10.8212,10.9992,11.1415,11.2479,11.9418,5.3412,1.4313,-0.3642,0.2174,-0.1468,63.7981,65.0537,6.8003,54.4821,5.8845,-5216391.4243,1995816.0
2018-11-23,6.98,3320.0,TBIO,6.9867,6.92,6.8343,6.6629,6.3233,7.17,6.985,6.954,6.9314,6.7481,6.5851,6.602,7.006,7.0326,7.0321,6.7958,6.4029,5.783,6.8536,6.6236,6.5848,6.1851,6.1333,6.4729,62.2852,60.6208,58.973,51.8949,47.4275,43.898,54.4817,38.7338,29.6144,15.2017,9.7661,4.1693,0.14,-0.35,0.69,1.05,1.82,-2.95,-54.1759,-82.0822,21.9931,55.5888,78.0275,-20.1034,0.2919,0.2919,0.2919,0.2919,0.2919,0.2919,24.5704,21.2416,17.946,3.7899,-5.1451,-12.204,1.0205,0.9523,1.1097,1.1771,1.3527,0.7029,66.6667,0.0,0.0,0.0,14.2857,28.5714,64.2857,57.1429,0.0,76.1905,47.619,0.0,60.7175,41.8514,33.6109,17.7819,10.2722,2.8381,4.375,8.0657,9.9827,13.8101,15.6962,17.8428,17.8996,19.6761,20.0906,19.7837,19.2901,18.8852,0.0778,0.2725,0.4957,1.4467,2.5208,6.128,0.3183,0.6647,0.9976,2.0725,3.098,6.486,6.9772,6.9961,6.9867,6.7546,6.92,7.0854,6.0163,7.6523,6.8343,5.8991,6.6629,7.4266,7.4869,6.3233,5.1598,4.2253,10.1147,7.17,8.4932,9.6797,10.163,10.7214,10.9682,11.7944,5.3576,1.4509,-0.3134,0.2031,-0.1103,56.4085,61.0849,7.2562,56.4762,5.9918,-5213071.4243,1992496.0
2018-11-26,6.79,17808.0,TBIO,6.92,6.918,6.96,6.6814,6.3762,7.096,6.8867,6.9107,6.9204,6.765,6.6275,6.5844,6.8552,6.9265,6.9625,6.8075,6.4445,5.8045,6.8253,6.6246,6.6022,6.1915,6.156,6.4897,38.6566,50.5616,52.7059,49.3109,45.8571,43.2258,64.5244,43.4687,32.4862,16.0406,10.0943,4.2121,-0.2,-0.01,0.88,0.26,1.11,-3.11,44.3106,69.1554,16.3058,64.751,80.4907,-13.1495,-0.3699,-0.3699,-0.3699,-0.3699,-0.3699,-0.3699,-22.6868,1.1231,5.4118,-1.3781,-8.2859,-13.5485,0.9714,0.9985,1.1489,1.0398,1.1954,0.6859,33.3333,100.0,60.0,0.0,0.0,14.2857,57.1429,50.0,0.0,71.4286,45.2381,0.0,84.6099,62.4085,49.7171,26.9473,16.6577,5.969,2.6702,6.3009,8.4753,12.813,14.956,17.4488,32.0298,27.2219,25.2352,22.2658,20.9346,19.6641,0.0519,0.218,0.4249,1.3434,2.4008,5.9821,0.6222,0.9418,1.2651,2.3345,3.3605,6.7415,6.736,7.104,6.92,6.7467,6.918,7.0893,6.6152,7.3048,6.96,5.9188,6.6814,7.444,7.5187,6.3762,5.2337,4.2758,9.9161,7.096,9.5368,10.1902,10.5476,11.0305,11.2691,12.1012,5.372,1.4705,-0.2698,0.1742,-0.0956,41.6537,53.9534,7.4225,53.3793,6.0926,-5223492.7505,1974688.0
2018-11-27,6.63,14726.0,TBIO,6.8,6.876,6.86,6.6843,6.4281,7.0169,6.7417,6.8147,6.8379,6.7582,6.6506,6.5627,6.6812,6.7753,6.8426,6.7761,6.4539,5.8117,6.7385,6.6252,6.6079,6.1937,6.1719,6.4978,26.1336,43.0432,47.7233,47.1804,44.5527,42.6622,70.8115,47.152,34.9036,16.8117,10.4038,4.2534,-0.36,-0.21,-0.7,0.04,1.09,-3.32,-100.0,-166.4196,-183.2018,7.524,43.0869,-23.404,-0.52,-0.52,-0.52,-0.52,-0.52,-0.52,-47.7329,-13.9137,-4.5534,-5.6392,-10.8946,-14.6756,0.9485,0.9693,0.9045,1.0061,1.1968,0.6663,0.0,66.6667,40.0,80.0,0.0,0.0,50.0,42.8571,9.5238,66.6667,42.8571,2.381,83.3857,61.885,49.4077,26.8359,16.5939,5.9434,2.4323,5.8783,8.0753,12.5223,14.7347,17.3283,26.8473,24.9667,23.8478,21.7083,20.5977,19.5183,0.0376,0.1774,0.3672,1.2504,2.2895,5.8426,0.4148,0.7534,1.0844,2.1677,3.2005,6.581,6.5139,7.0861,6.8,6.5866,6.876,7.1654,6.6093,7.1107,6.86,5.9228,6.6843,7.4458,7.5115,6.4281,5.3447,4.3386,9.6952,7.0169,7.7682,9.103,9.7976,10.7591,11.1711,12.1879,5.3845,1.4901,-0.235,0.1393,-0.0958,22.3411,40.1345,6.674,44.1536,6.1873,-5238218.7505,1959962.0
2018-11-28,7.35,117777.0,TBIO,6.9233,6.948,6.9386,6.7271,6.5214,6.9538,7.0167,6.9727,6.9604,6.847,6.7344,6.5782,7.1649,7.0919,7.0769,6.9291,6.5882,5.8854,6.784,6.6762,6.6865,6.2166,6.2503,6.5308,76.8204,68.9849,65.063,56.3251,51.1219,45.9129,78.483,53.1973,39.0768,18.2512,11.0516,4.384,0.37,0.36,0.55,0.6,1.96,-2.65,82.8207,114.83,149.2801,85.9222,89.7878,3.1761,0.7553,0.7553,0.7553,0.7553,0.7553,0.7553,53.6408,37.9699,30.126,12.6502,2.2439,-8.1741,1.053,1.0515,1.0809,1.0889,1.3636,0.735,100.0,100.0,100.0,100.0,100.0,0.0,42.8571,35.7143,4.7619,61.9048,40.4762,0.0,93.8259,77.3785,64.1164,36.9643,24.0065,9.739,1.2718,4.2309,6.5062,11.3697,13.8546,16.8472,39.9248,33.1749,29.7564,24.7041,22.608,20.4828,0.0251,0.1419,0.3147,1.1611,2.1804,5.7035,0.7865,1.1127,1.4395,2.5229,3.558,6.9343,6.306,7.5407,6.9233,6.4659,6.948,7.4301,6.5223,7.3549,6.9386,5.8917,6.7271,7.5626,7.5681,6.5214,5.4748,4.4398,9.4678,6.9538,8.9345,9.1269,9.4023,9.9254,10.2059,11.0368,5.4042,1.5096,-0.1955,0.1581,-0.0374,41.1976,35.0642,6.7497,56.1254,6.2764,-5130465.325,2077739.0
2018-11-29,7.59,239541.0,TBIO,7.19,7.068,7.0457,6.7843,6.6214,6.8976,7.35,7.1867,7.1232,6.962,6.8316,6.6078,7.5121,7.3947,7.3307,7.1113,6.747,5.9773,6.9812,6.7807,6.8113,6.2526,6.3459,6.5652,82.7417,73.932,69.0547,58.8806,53.0681,46.9401,84.7569,59.8899,44.2798,20.3512,12.0785,4.6266,0.8,0.6,0.75,0.8,2.1,-2.36,100.0,159.1488,210.9979,174.2678,165.4244,47.593,0.2817,0.2817,0.2817,0.2817,0.2817,0.2817,65.4834,47.864,38.1093,17.7613,6.1361,-6.1197,1.1178,1.0858,1.1096,1.1178,1.3825,0.7628,66.6667,100.0,80.0,100.0,85.7143,100.0,100.0,28.5714,0.0,100.0,38.0952,11.9048,97.3048,86.6604,75.4974,47.6516,32.6173,14.575,0.7352,3.1174,5.2847,10.3261,13.022,16.3724,53.8241,43.622,37.851,29.1253,25.6288,21.9592,0.0167,0.1135,0.2698,1.0782,2.0766,5.5677,1.2228,1.5886,1.9322,3.0411,4.087,7.4676,6.3742,8.0058,7.19,6.3587,7.068,7.7773,6.4421,7.6493,7.0457,5.8375,6.7843,7.7311,7.656,6.6214,5.5869,4.5543,9.241,6.8976,9.9771,9.5961,9.6082,9.827,10.0139,10.734,5.426,1.5292,-0.1508,0.1788,0.028,56.3741,39.9709,7.467,57.0203,6.3601,-5140062.9611,2317280.0
2018-11-30,7.23,279315.0,TBIO,7.39,7.118,7.08,6.8364,6.6976,6.8338,7.37,7.2407,7.1693,7.0214,6.8869,6.6232,7.3484,7.3509,7.3322,7.167,6.8228,6.0317,7.0097,6.7914,6.8208,6.2753,6.3863,6.59,52.5421,56.9113,57.5483,53.7958,49.9365,45.6092,73.1984,59.2587,45.704,21.63,12.7887,4.8089,0.6,0.25,0.24,0.73,1.6,-2.68,13.8558,58.8107,87.8321,114.9833,127.7565,39.4967,-0.2232,-0.2232,-0.2232,-0.2232,-0.2232,-0.2232,5.0843,13.8227,15.0966,7.5916,-0.1269,-8.7817,1.0905,1.0358,1.0343,1.1123,1.2842,0.7296,33.3333,66.6667,60.0,80.0,71.4286,85.7143,92.8571,21.4286,0.0,95.2381,35.7143,9.5238,50.0815,56.7337,54.2491,38.2541,26.9926,12.2808,9.952,8.5084,8.7949,11.5646,13.6467,16.5523,29.9211,30.8218,29.6519,25.894,23.7378,21.187,0.2711,0.3508,0.4912,1.2612,2.2377,5.6952,0.8152,1.2709,1.6562,2.8239,3.8924,7.2898,7.0907,7.6893,7.39,6.4053,7.118,7.8307,6.4658,7.6942,7.08,5.8777,6.8364,7.7952,7.6622,6.6976,5.733,4.6841,8.9835,6.8338,12.5607,11.406,11.0363,10.7747,10.8088,11.3986,5.4441,1.5488,-0.1106,0.1607,0.0501,70.9774,56.183,7.3554,51.0285,6.45,-5253160.2571,2037965.0
2018-12-03,7.75,132208.0,TBIO,7.5233,7.31,7.1886,6.9621,6.7881,6.7836,7.55,7.4513,7.3368,7.1432,6.9826,6.6658,7.6679,7.6069,7.5542,7.3394,6.979,6.131,7.0675,6.9113,6.8898,6.3873,6.4608,6.6204,73.4991,69.5632,66.8553,59.2676,54.0491,47.7993,65.4928,58.7537,46.9247,22.8174,13.4651,4.9868,0.4,0.96,0.76,1.76,1.9,-2.11,54.469,72.3379,94.396,154.9517,157.4467,65.9575,0.5205,0.5205,0.5205,0.5205,0.5205,0.5205,46.9982,39.1264,33.7105,18.5352,8.0981,-4.4015,1.0544,1.1414,1.1087,1.2938,1.3248,0.786,0.0,33.3333,40.0,60.0,57.1429,71.4286,85.7143,14.2857,0.0,90.4762,33.3333,7.1429,50.0815,56.7337,54.2491,38.2541,26.9926,12.2808,6.6472,6.6798,7.3993,10.6178,12.9008,16.119,19.9851,24.1977,24.9466,23.774,22.4402,20.6324,0.1808,0.2807,0.4211,1.1711,2.1312,5.5596,0.5435,1.0167,1.4196,2.6222,3.707,7.1163,7.0884,7.9583,7.5233,6.5393,7.31,8.0807,6.4257,7.9515,7.1886,6.0189,6.9621,7.9054,7.7739,6.7881,5.8023,4.8293,8.7378,6.7836,11.6958,10.8429,10.4895,10.166,10.1582,10.658,5.4671,1.5684,-0.0668,0.1752,0.1084,65.5111,64.2875,8.3905,53.4059,6.5647,-5194157.1298,2170173.0
2018-12-04,8.21,88079.0,TBIO,7.73,7.626,7.3643,7.0993,6.8967,6.761,7.8933,7.7513,7.5921,7.3096,7.1118,6.7322,8.1133,7.9922,7.8925,7.5907,7.1944,6.2666,7.202,7.2082,7.046,6.5382,6.5762,6.6393,83.2903,77.0233,72.9709,63.3971,57.3066,49.637,71.02,62.275,50.2798,24.7869,14.5757,5.2964,0.62,1.58,1.23,1.92,2.28,-0.95,100.0,162.7405,155.4975,222.6979,252.1494,133.5825,0.3152,0.3152,0.3152,0.3152,0.3152,0.3152,66.5806,54.0466,45.9419,26.7943,14.6132,-0.7261,1.0817,1.2383,1.1762,1.3052,1.3845,0.8963,33.3333,100.0,20.0,100.0,42.8571,100.0,100.0,7.1429,38.0952,100.0,30.9524,4.7619,82.0745,76.3605,70.4102,50.3906,36.7888,17.9917,4.1204,5.0196,6.0259,9.5781,12.0494,15.6038,41.8526,37.4482,34.7035,29.0359,26.0748,22.4504,0.1205,0.2245,0.3609,1.0874,2.0297,5.4272,1.224,1.6751,2.0785,3.2966,4.3922,7.8085,6.9293,8.5307,7.73,6.9386,7.626,8.3134,6.3495,8.3791,7.3643,6.0361,7.0993,8.1625,7.9781,6.8967,5.8152,4.8974,8.6245,6.761,11.8739,10.8964,10.4216,9.8782,9.7772,10.1437,5.4946,1.588,-0.0156,0.205,0.1895,66.6436,67.7107,7.8202,50.3402,6.6713,-5226706.6562,2258252.0
2018-12-06,8.45,52034.0,TBIO,8.1367,7.846,7.6014,7.2807,6.9881,6.7536,8.2533,8.026,7.8636,7.4897,7.253,6.8107,8.4288,8.3209,8.2077,7.8502,7.4224,6.4158,7.7567,7.4362,7.3114,6.7971,6.6797,6.6507,87.0382,80.1899,75.7001,65.3698,58.9027,50.5671,62.3115,60.4555,50.7431,26.0413,15.3974,5.5495,1.22,1.1,1.66,2.54,1.92,-0.31,38.5941,73.8919,101.8759,155.8587,197.1949,128.502,0.3218,0.3218,0.3218,0.3218,0.3218,0.3218,74.0764,60.3798,51.4003,30.7396,17.8054,1.1341,1.1687,1.1497,1.2445,1.4298,1.294,0.9646,0.0,66.6667,0.0,80.0,28.5714,85.7143,92.8571,0.0,33.3333,95.2381,28.5714,2.381,44.8946,53.1772,53.5228,42.3481,31.8312,15.928,11.006,9.2083,8.9836,10.8633,12.7895,15.8744,28.9392,30.1242,29.6746,26.8224,24.7335,21.8895,0.3103,0.4096,0.5393,1.2398,2.163,5.528,0.816,1.34,1.7816,3.0611,4.1831,7.6226,7.5558,8.7175,8.1367,6.9735,7.846,8.7185,6.4657,8.7372,7.6014,6.2244,7.2807,8.3371,8.2411,6.9881,5.7351,4.9195,8.5876,6.7536,11.1231,10.5287,10.1499,9.6475,9.5374,9.8661,5.5241,1.6077,0.0415,0.2284,0.27,77.2175,69.7907,7.9767,56.5567,6.8466,-5186634.4953,2310286.0
2018-12-07,8.53,158441.0,TBIO,8.3967,8.034,7.8729,7.3664,7.0805,6.7462,8.45,8.254,8.0957,7.6563,7.3932,6.8934,8.573,8.5258,8.4351,8.0757,7.6332,6.5632,8.1004,7.616,7.6175,6.9141,6.783,6.6625,88.3452,81.2657,76.6183,66.0271,59.4335,50.8768,65.0287,61.9695,52.7753,27.7825,16.4952,5.8931,0.78,0.94,1.9,1.2,1.94,-0.31,100.0,93.6259,111.8267,165.0904,204.4212,170.1599,0.0704,0.0704,0.0704,0.0704,0.0704,0.0704,76.6904,62.5314,53.2365,32.0542,18.867,1.7537,1.1006,1.1238,1.2866,1.1637,1.2944,0.9649,0.0,100.0,20.0,100.0,14.2857,100.0,100.0,0.0,28.5714,100.0,26.1905,0.0,70.463,68.0254,64.9688,50.4179,38.4506,19.9797,7.1967,7.1963,7.528,9.9308,12.0454,15.423,41.5333,37.8161,35.4511,30.1274,27.0952,23.1247,0.2069,0.3277,0.4623,1.1512,2.06,5.3964,1.194,1.722,2.1771,3.4925,4.6339,8.0911,8.1247,8.6686,8.3967,7.0636,8.034,9.0044,6.8988,8.8469,7.8729,6.1288,7.3664,8.604,8.48,7.0805,5.681,4.9435,8.5488,6.7462,11.2341,10.6769,10.2848,9.7076,9.5536,9.8186,5.5542,1.6274,0.1005,0.2359,0.3364,74.5171,72.7927,8.1883,53.9377,7.0078,-5241571.3244,2468727.0
2018-12-10,8.51,48729.0,TBIO,8.4967,8.29,8.0386,7.4886,7.1643,6.745,8.5067,8.4127,8.255,7.8088,7.5232,6.9754,8.5833,8.6062,8.5602,8.2481,7.8114,6.6996,8.2458,7.9919,7.7812,7.1534,6.8694,6.6708,85.1262,79.9096,75.7831,65.6914,59.2327,50.7953,57.0254,59.6091,52.6471,28.9345,17.345,6.1868,0.3,1.28,1.16,1.71,1.76,-0.05,-15.4412,37.6223,56.3947,106.8245,140.4479,147.9539,-0.1935,-0.1935,-0.1935,-0.1935,-0.1935,-0.1935,70.2525,59.8192,51.5662,31.3828,18.4653,1.5906,1.0365,1.177,1.1578,1.2515,1.2607,0.9942,33.3333,66.6667,0.0,80.0,0.0,85.7143,92.8571,50.0,23.8095,95.2381,23.8095,97.619,41.0188,50.1678,51.8777,43.9099,34.3414,18.2287,13.1253,10.7239,10.049,11.1029,12.757,15.7088,31.3814,32.3161,31.7154,28.4866,26.1016,22.7124,0.3329,0.4572,0.5913,1.264,2.1569,5.4629,0.796,1.3776,1.8661,3.243,4.4132,7.8985,8.4287,8.5647,8.4967,7.7038,8.29,8.8762,7.0822,8.995,8.0386,6.1642,7.4886,8.813,8.6805,7.1643,5.6481,4.9471,8.5429,6.745,9.9355,10.0187,9.877,9.5558,9.4669,9.7808,5.5837,1.6472,0.157,0.226,0.383,72.5879,74.7742,8.2857,53.9582,7.2051,-5211705.1631,2419998.0
2018-12-11,9.06,83469.0,TBIO,8.7,8.552,8.2486,7.6471,7.2724,6.7702,8.7883,8.6693,8.5104,8.0183,7.6955,7.0831,8.98,8.9368,8.8681,8.5192,8.0598,6.8775,8.5686,8.4415,8.0535,7.4991,7.012,6.703,94.0576,87.2331,82.0577,70.181,62.8566,52.9204,61.2336,60.97,54.2703,30.5852,18.473,6.574,0.61,1.31,1.47,2.22,2.27,1.06,100.0,127.3226,119.3581,139.5853,167.1706,194.5852,0.3864,0.3864,0.3864,0.3864,0.3864,0.3864,88.1153,74.4661,64.1154,40.3619,25.7132,5.8408,1.0722,1.169,1.1937,1.3246,1.3343,1.1325,0.0,100.0,0.0,100.0,14.2857,100.0,100.0,42.8571,19.0476,100.0,21.4286,100.0,69.6501,66.4137,64.0097,52.0455,41.0324,22.4501,8.6328,8.5243,8.556,10.2497,12.096,15.3119,48.2558,42.2364,38.9903,32.4977,28.9298,24.1772,0.222,0.3657,0.5068,1.1737,2.0542,5.3328,1.2407,1.8121,2.3095,3.7214,4.9131,8.4204,8.1906,9.2094,8.7,7.9951,8.552,9.1089,7.1443,9.3529,8.2486,6.1509,7.6471,9.1434,8.9783,7.2724,5.5665,4.8754,8.6651,6.7702,9.4592,9.471,9.3396,9.0283,8.9313,9.1995,5.6185,1.6671,0.2174,0.2416,0.459,73.8556,73.6535,8.8302,56.3475,7.3846,-5181352.7995,2503467.0
2018-12-12,9.0,80671.0,TBIO,8.8567,8.71,8.5014,7.7907,7.3914,6.8012,8.9383,8.8187,8.6982,8.1987,7.8526,7.1868,9.0542,9.0641,9.027,8.7175,8.263,7.0385,8.6824,8.62,8.4135,7.739,7.1695,6.7412,85.6424,83.1022,79.4381,69.1184,62.223,52.6662,69.1358,64.4927,57.157,32.7307,19.9118,7.0788,0.47,0.79,1.77,2.01,2.5,1.3,94.877,126.7547,144.2686,147.3603,177.4043,224.4461,-0.1418,-0.1418,-0.1418,-0.1418,-0.1418,-0.1418,71.2848,66.2044,58.8763,38.2367,24.446,5.3324,1.0551,1.0962,1.2448,1.2876,1.3846,1.1688,33.3333,100.0,20.0,100.0,0.0,100.0,100.0,35.7143,14.2857,100.0,19.0476,100.0,84.9403,78.5833,74.4771,60.6221,48.688,27.7758,4.845,6.1308,6.7694,9.1025,11.1705,14.7312,59.4991,51.1217,46.2761,37.1291,32.369,26.0619,0.148,0.2926,0.4344,1.0899,1.9564,5.2058,1.8171,2.4397,2.9695,4.4455,5.6691,9.2099,8.364,9.3494,8.8567,8.1834,8.71,9.2366,7.6686,9.3342,8.5014,6.192,7.7907,9.3894,9.2103,7.3914,5.5726,4.8068,8.7956,6.8012,11.3112,10.6051,10.1858,9.5028,9.2717,9.3949,5.6523,1.687,0.2756,0.2329,0.5085,66.7112,71.0516,9.38,50.0623,7.5802,-5260819.7547,2422796.0
2018-12-13,8.73,67954.0,TBIO,8.93,8.766,8.6414,7.915,7.5219,6.8314,8.875,8.8253,8.7554,8.3239,7.9742,7.2765,8.8567,8.9636,8.9966,8.8043,8.3902,7.1646,8.6846,8.6261,8.4682,7.8499,7.3202,6.7734,53.3958,65.6225,68.0354,64.3935,59.3943,51.5254,57.2521,60.6076,55.9537,33.6966,20.8218,7.4662,0.22,0.28,0.98,1.74,2.74,1.27,-76.7932,-20.8333,14.2047,72.6767,103.4103,158.115,-0.5143,-0.5143,-0.5143,-0.5143,-0.5143,-0.5143,6.7916,31.245,36.0709,28.7871,18.7886,3.0507,1.0259,1.0331,1.1265,1.2489,1.4574,1.1702,0.0,66.6667,0.0,80.0,0.0,85.7143,92.8571,28.5714,9.5238,95.2381,16.6667,97.619,33.4846,45.0675,48.7337,46.2529,39.021,23.3493,23.5706,17.018,14.5608,13.0295,13.7648,15.9524,47.3019,44.9417,42.2439,35.4549,31.3813,25.6712,0.6036,0.7391,0.8773,1.517,2.3682,5.5869,1.2114,1.9517,2.5453,4.128,5.3991,8.9907,8.6429,9.2171,8.93,8.3067,8.766,9.2253,8.0737,9.2092,8.6414,6.3141,7.915,9.5159,9.3128,7.5219,5.731,4.7609,8.9019,6.8314,9.7786,9.9492,9.8598,9.5265,9.3897,9.598,5.6831,1.707,0.3245,0.1955,0.52,54.6594,65.0754,10.3229,47.8405,7.8826,-5265350.0214,2354842.0
2018-12-14,8.19,75211.0,TBIO,8.64,8.698,8.6386,8.0014,7.6124,6.8562,8.505,8.6333,8.6425,8.3606,8.035,7.3397,8.3707,8.5929,8.7265,8.7337,8.4044,7.2336,8.4648,8.6075,8.4668,7.8679,7.3659,6.7922,25.0734,43.0072,50.9655,56.1294,54.2182,49.3358,40.648,51.7242,51.6451,33.626,21.2419,7.738,-0.87,-0.34,-0.02,1.21,1.9,1.04,-75.6677,-70.6297,-52.5511,39.9038,71.0596,126.6661,-0.3465,-0.3465,-0.3465,-0.3465,-0.3465,-0.3465,-49.8532,-13.9856,1.931,12.2587,8.4363,-1.3284,0.904,0.9601,0.9976,1.1734,1.3021,1.1455,100.0,33.3333,100.0,60.0,14.2857,71.4286,85.7143,21.4286,4.7619,90.4762,14.2857,95.2381,7.4397,16.1905,25.7936,32.7082,29.6448,18.88,31.4855,23.7392,20.0014,16.0881,15.8049,16.8898,27.125,32.9112,33.9061,31.7279,29.124,24.7517,0.9374,1.1263,1.287,1.9437,2.7905,5.9889,0.8076,1.5614,2.1817,3.8331,5.142,8.7766,7.9665,9.3135,8.64,8.0551,8.698,9.3409,8.062,9.2151,8.6386,6.4832,8.0014,9.5196,9.3359,7.6124,5.8889,4.7465,8.9659,6.8562,12.1178,11.5855,11.2237,10.5369,10.2706,10.3565,5.7082,1.727,0.3556,0.1244,0.48,30.3099,50.5602,11.1631,43.8115,10.33,-5312134.8167,2279631.0
2018-12-17,8.35,86672.0,TBIO,8.4233,8.666,8.6243,8.1129,7.7286,6.8852,8.36,8.5173,8.5704,8.407,8.102,7.4092,8.324,8.4723,8.6111,8.7109,8.4421,7.3129,8.4396,8.6034,8.4656,7.9054,7.4448,6.8158,39.3672,49.4583,54.8789,57.8552,55.4267,49.981,29.5785,44.6175,47.952,33.5604,21.642,8.0033,-0.65,-0.16,-0.1,1.56,2.44,1.22,-72.1675,-88.7755,-82.8082,23.5519,54.7589,113.0636,0.1899,0.1899,0.1899,0.1899,0.1899,0.1899,-21.2656,-1.0833,9.7578,15.7105,10.8534,-0.0381,0.9278,0.9812,0.9882,1.2297,1.4129,1.1711,66.6667,0.0,80.0,40.0,0.0,57.1429,78.5714,14.2857,0.0,85.7143,11.9048,92.8571,7.4397,16.1905,25.7936,32.7082,29.6448,18.88,22.5217,19.6493,17.4954,15.0297,15.0957,16.5129,19.4027,27.2411,29.658,29.6406,27.8171,24.1994,0.625,0.901,1.1031,1.8048,2.6576,5.8463,0.5384,1.2491,1.87,3.5593,4.8972,8.5676,7.9704,8.8763,8.4233,7.9747,8.666,9.3573,8.0253,9.2233,8.6243,6.7451,8.1129,9.4806,9.2996,7.7286,6.1575,4.7282,9.0422,6.8852,11.0774,10.983,10.7876,10.2726,10.0446,10.1414,5.7346,1.747,0.3757,0.0803,0.456,19.3084,34.7593,11.3634,40.9909,10.3062,-5313231.9306,2366303.0
2018-12-18,8.15,114402.0,TBIO,8.23,8.484,8.57,8.2214,7.7676,6.9155,8.2233,8.3453,8.4518,8.412,8.1403,7.468,8.1688,8.294,8.4424,8.6375,8.4378,7.369,8.3803,8.4855,8.4541,7.9234,7.4616,6.8369,28.9956,42.0256,49.1576,54.9454,53.5707,49.1791,37.0524,39.3128,41.3756,32.3024,21.4615,8.1245,-0.58,-0.91,-0.38,1.52,0.82,1.27,-100.0,-96.5094,-106.8894,-25.1008,23.7032,84.0509,-0.1854,-0.1854,-0.1854,-0.1854,-0.1854,-0.1854,-42.0088,-15.9488,-1.6848,9.8909,7.1413,-1.6419,0.9336,0.8996,0.9555,1.2293,1.1119,1.1846,100.0,33.3333,100.0,20.0,100.0,42.8571,71.4286,7.1429,0.0,80.9524,9.5238,90.4762,52.0002,18.0939,1.9173,15.948,17.8515,13.093,33.8292,27.8236,24.0876,18.9241,17.7879,17.8177,10.6828,19.2976,23.1813,26.1054,25.5189,23.1864,1.1366,1.4408,1.6656,2.3959,3.251,6.4271,0.3589,0.9993,1.6029,3.3051,4.664,8.3636,8.0572,8.4028,8.23,7.8251,8.484,9.1429,7.8841,9.2559,8.57,7.128,8.2214,9.3149,9.3378,7.7676,6.1974,4.7243,9.1067,6.9155,13.742,12.7076,12.1202,11.0963,10.6833,10.584,5.7587,1.7671,0.3837,0.0322,0.416,18.7802,22.7995,11.209,44.9152,10.2826,-5289745.4273,2251901.0
2018-12-19,7.89,142663.0,TBIO,8.13,8.262,8.4814,8.26,7.8195,6.9376,8.0533,8.1473,8.2818,8.3678,8.1515,7.5133,7.9303,8.0543,8.2154,8.5091,8.3868,7.3982,8.3182,8.317,8.4195,7.9227,7.4771,6.8493,19.1549,33.7769,42.4461,51.3311,51.2291,48.1503,42.035,35.069,35.7387,31.1342,21.2896,8.2428,-0.3,-1.11,-0.62,0.54,1.09,0.93,-66.0194,-93.3955,-96.2171,-51.6555,13.4179,75.1918,-0.2793,-0.2793,-0.2793,-0.2793,-0.2793,-0.2793,-61.6902,-32.4462,-15.1078,2.6622,2.4581,-3.6994,0.9634,0.8767,0.9271,1.0735,1.1603,1.1336,66.6667,0.0,80.0,0.0,85.7143,28.5714,64.2857,0.0,33.3333,76.1905,7.1429,88.0952,52.0002,18.0939,1.9173,15.948,17.8515,13.093,22.6199,21.9439,20.2879,17.2915,16.7216,17.2732,7.1431,15.2196,19.5246,23.8533,23.9891,22.4778,0.7578,1.1526,1.4276,2.2248,3.0962,6.2741,0.2393,0.7994,1.3739,3.069,4.4419,8.1645,7.7533,8.5067,8.13,7.7086,8.262,8.8154,7.644,9.3189,8.4814,7.2579,8.26,9.2621,9.3293,7.8195,6.3098,4.7264,9.1489,6.9376,14.1527,13.3147,12.7409,11.6482,11.1798,11.0075,5.7801,1.7871,0.3788,-0.0197,0.3591,26.3616,21.4834,11.1501,41.5758,10.2218,-5321876.7336,2109238.0
2018-12-20,7.37,141498.0,TBIO,7.8033,7.99,8.24,8.2443,7.8448,6.9745,7.6733,7.85,8.0039,8.2491,8.1106,7.5334,7.4706,7.6406,7.8399,8.2721,8.2502,7.3785,7.8968,8.0285,8.0776,7.9177,7.4755,6.8598,9.4913,22.6585,32.191,44.961,46.922,46.1715,50.099,34.1645,32.3703,29.6032,20.9153,8.3058,-0.98,-1.36,-1.69,-0.22,0.53,1.55,-100.0,-128.0531,-119.4875,-112.0259,-26.9091,44.3321,-0.5049,-0.5049,-0.5049,-0.5049,-0.5049,-0.5049,-81.0174,-54.6829,-35.6179,-10.078,-6.156,-7.657,0.8826,0.8442,0.8135,0.971,1.0775,1.2663,100.0,33.3333,100.0,20.0,100.0,14.2857,57.1429,7.1429,28.5714,71.4286,4.7619,85.7143,66.2269,30.5466,12.1597,9.6995,13.4277,10.8901,23.9155,22.889,21.2343,18.0491,17.2807,17.5435,4.859,12.1774,16.6301,21.9266,22.6412,21.8315,0.7852,1.2021,1.5037,2.3459,3.2288,6.4047,0.1595,0.6395,1.1776,2.8498,4.2304,7.9701,7.1548,8.4519,7.8033,7.3032,7.99,8.6768,7.2487,9.2313,8.24,7.1949,8.2443,9.2937,9.3051,7.8448,6.3844,4.7875,9.1615,6.9745,14.8489,14.2522,13.7261,12.5967,12.077,11.8427,5.796,1.8072,0.3569,-0.0878,0.269,23.8639,23.0019,9.9591,37.1462,10.1621,-5412156.1777,1967740.0
2018-12-21,8.2,976251.0,TBIO,7.82,7.992,8.1257,8.3136,7.9024,7.0331,7.8717,7.92,7.9939,8.2432,8.1429,7.5904,7.953,7.8878,7.9625,8.2847,8.2741,7.436,7.8989,8.0293,8.0845,7.9277,7.4986,6.9034,59.0066,53.3176,53.2322,54.6376,53.4773,49.5608,52.2528,35.5083,33.0026,29.92,21.3848,8.6062,0.05,0.01,-0.8,0.97,1.21,2.46,100.0,90.1786,39.6689,6.6956,48.6989,97.9187,0.2691,0.2691,0.2691,0.2691,0.2691,0.2691,18.0132,6.6353,6.4644,9.2752,6.9546,-0.8784,1.0061,1.0012,0.9111,1.1342,1.1731,1.4286,100.0,100.0,100.0,100.0,100.0,0.0,50.0,0.0,23.8095,66.6667,2.381,83.3333,56.5603,40.8833,36.7967,34.0385,30.7749,20.9221,10.0688,13.3354,14.195,14.4462,14.7805,16.1772,36.2887,31.7801,30.7235,29.3557,27.9223,24.7373,0.5234,0.9617,1.2889,2.1783,3.075,6.2522,1.8866,2.2918,2.7896,4.4265,5.8091,9.5605,7.1351,8.5049,7.82,7.3028,7.992,8.6812,7.3502,8.9012,8.1257,7.4255,8.3136,9.2016,9.318,7.9024,6.4867,4.8497,9.2165,7.0331,21.1331,17.5891,15.8183,13.135,12.0856,11.2645,5.82,1.8272,0.3378,-0.0762,0.2616,27.3364,25.854,8.8972,41.3133,10.0727,-5610001.0647,2943991.0
2018-12-24,8.05,72351.0,TBIO,7.8733,7.932,8.0286,8.335,7.9529,7.0948,7.9867,7.9393,7.975,8.2081,8.1563,7.6377,8.0229,7.949,7.9806,8.2553,8.2673,7.4762,7.9014,8.0298,8.0828,7.9291,7.5131,6.9437,51.3859,48.9354,49.9633,52.8299,52.2527,48.9898,53.6886,36.5833,33.5446,30.2142,21.8319,8.8994,0.16,-0.3,-0.68,0.3,1.06,2.59,28.0722,49.4936,14.4415,-45.5272,22.5488,78.0595,0.0,0.0,0.0,0.0,0.0,0.0,2.7717,-2.1292,-0.0733,5.6597,4.5054,-2.0205,1.0203,0.9641,0.9221,1.0387,1.1516,1.4744,66.6667,66.6667,80.0,80.0,85.7143,85.7143,42.8571,92.8571,19.0476,61.9048,0.0,80.9524,56.5603,40.8833,36.7967,34.0385,30.7749,20.9221,8.2974,11.8196,12.9626,13.7211,14.2484,15.866,29.9045,28.1676,28.0561,27.8823,26.9171,24.2615,0.349,0.7694,1.1047,2.0227,2.9286,6.1033,1.2577,1.8335,2.3911,4.1103,5.5325,9.3329,7.1511,8.5956,7.8733,7.3314,7.932,8.5326,7.4301,8.6271,8.0286,7.4889,8.335,9.1811,9.3091,7.9529,6.5966,4.9465,9.243,7.0948,17.415,16.1718,15.1242,13.0805,12.1623,11.4201,5.8423,1.8473,0.3184,-0.0776,0.2408,28.0215,26.4073,7.3142,39.4208,10.01,-5653036.1709,2871640.0
2018-12-26,8.06,98781.0,TBIO,8.1033,7.914,8.01,8.3243,8.0043,7.1638,8.08,7.982,7.9829,8.1714,8.1661,7.6826,8.0546,7.993,7.9995,8.2321,8.2615,7.515,7.9386,8.03,8.0826,7.9301,7.5278,6.9909,52.0057,49.2828,50.2012,52.9416,52.3291,49.0299,48.6095,35.667,33.1363,30.2574,22.1514,9.1592,0.69,-0.09,-0.13,-0.15,1.08,2.9,-85.901,6.3306,-8.1449,-66.1458,1.6233,64.6508,-0.0806,-0.0806,-0.0806,-0.0806,-0.0806,-0.0806,4.0114,-1.4344,0.4024,5.8833,4.6583,-1.9403,1.0936,0.989,0.9841,0.9817,1.1547,1.562,33.3333,33.3333,60.0,60.0,71.4286,71.4286,35.7143,85.7143,14.2857,57.1429,0.0,78.5714,38.4511,32.0018,30.6863,30.8202,28.5401,19.8082,10.8868,12.9662,13.7163,14.1057,14.5047,15.9753,24.4893,25.1707,25.8612,26.6741,26.0907,23.8675,0.3727,0.7556,1.087,2.0183,2.9292,6.0981,0.8385,1.4668,2.0495,3.8167,5.269,9.1107,7.9664,8.2403,8.1033,7.3356,7.914,8.4924,7.4248,8.5952,8.01,7.4684,8.3243,9.1802,9.2891,8.0043,6.7194,5.0834,9.2442,7.1638,14.1597,14.4598,14.0464,12.6806,11.935,11.3175,5.8645,1.8674,0.2993,-0.0766,0.2226,36.6556,30.6712,6.4252,41.3956,10.01,-5656222.6548,2970421.0
2018-12-27,7.37,223142.0,TBIO,7.8267,7.81,7.87,8.2471,8.0319,7.204,7.7133,7.8007,7.8229,8.0442,8.1084,7.6922,7.5464,7.6367,7.7121,8.0398,8.1354,7.4888,7.6965,8.0018,8.0242,7.9043,7.5258,6.9989,22.4195,31.0594,36.308,45.015,46.8921,46.4484,39.8137,29.0398,29.2424,29.3245,21.9986,9.2966,-0.83,-0.52,-0.98,-1.08,0.58,1.69,-100.0,-85.852,-119.294,-137.9577,-69.1664,25.4313,-0.6019,-0.6019,-0.6019,-0.6019,-0.6019,-0.6019,-55.161,-37.8812,-27.3841,-9.9701,-6.2158,-7.1032,0.8988,0.9341,0.8826,0.8722,1.0854,1.2975,0.0,0.0,40.0,40.0,57.1429,57.1429,28.5714,78.5714,9.5238,52.381,0.0,76.1905,22.2223,2.5311,5.879,17.1955,18.9443,14.932,26.1237,21.4981,19.8359,17.4299,16.8346,17.1682,16.6242,20.4367,22.3138,24.6691,24.7037,23.1953,0.8784,1.2344,1.5616,2.5041,3.4197,6.5828,0.559,1.1734,1.7567,3.5441,5.0181,8.8938,7.1808,8.4725,7.8267,7.0837,7.81,8.5363,7.2126,8.5274,7.87,7.2651,8.2471,9.2292,9.2334,8.0319,6.8304,5.1753,9.2328,7.204,15.2078,15.5814,15.2602,13.9239,13.1286,12.4313,5.8795,1.8875,0.2696,-0.1188,0.1508,27.464,30.7137,4.9116,38.4641,9.8896,-5780222.5754,2747279.0
2018-12-28,7.28,113719.0,TBIO,7.57,7.792,7.7457,8.1579,8.0629,7.2455,7.44,7.624,7.6754,7.9152,8.04,7.6957,7.3077,7.3987,7.4896,7.8611,8.0092,7.4564,7.5198,7.9953,7.9699,7.8691,7.5222,7.0051,20.174,29.2933,34.8407,44.0877,46.2342,46.1239,33.9499,23.7381,25.9048,28.4581,21.8532,9.4308,-0.77,-0.09,-0.87,-1.25,0.65,1.74,-77.0338,-103.2502,-109.6377,-141.6901,-109.7014,6.0879,-0.0842,-0.0842,-0.0842,-0.0842,-0.0842,-0.0842,-59.652,-41.4133,-30.3187,-11.8246,-7.5316,-7.7522,0.9043,0.9878,0.8933,0.8535,1.098,1.3141,66.6667,0.0,20.0,20.0,42.8571,42.8571,21.4286,71.4286,4.7619,47.619,4.7619,73.8095,22.2223,2.5311,5.879,17.1955,18.9443,14.932,21.556,19.4833,18.5314,16.8306,16.4311,16.9531,13.7174,18.5214,20.8465,23.8209,24.1117,22.9046,0.5856,0.9875,1.3385,2.3252,3.2568,6.4261,0.3727,0.9387,1.5058,3.2909,4.7792,8.682,6.8731,8.2669,7.57,7.0199,7.792,8.5641,7.0215,8.4699,7.7457,7.073,8.1579,9.2427,9.1459,8.0629,6.9798,5.2844,9.2066,7.2455,12.4388,13.9242,14.174,13.5552,12.9687,12.4406,5.8935,1.9075,0.2328,-0.1472,0.0856,18.9369,27.6855,2.7917,35.2959,9.774,-5831695.3859,2633560.0
2018-12-31,7.5,102259.0,TBIO,7.3833,7.652,7.69,8.0857,8.07,7.2957,7.405,7.5267,7.6139,7.8275,7.9889,7.7076,7.4061,7.4019,7.4477,7.7713,7.937,7.4467,7.5166,7.9046,7.9582,7.8546,7.522,7.0187,41.6156,39.7596,41.5742,46.9636,48.1031,47.0502,30.2952,22.4977,24.8364,28.0504,21.895,9.612,-0.56,-0.7,-0.39,-1.01,0.15,2.11,58.6217,-35.4526,-44.8544,-88.1406,-82.8705,22.7283,0.2958,0.2958,0.2958,0.2958,0.2958,0.2958,-16.7688,-20.4808,-16.8515,-6.0728,-3.7939,-5.8997,0.9305,0.9146,0.9506,0.8813,1.0204,1.3915,33.3333,0.0,0.0,0.0,28.5714,28.5714,14.2857,64.2857,0.0,42.8571,2.381,71.4286,22.9857,17.5365,18.4264,22.7504,22.7304,17.0414,15.4241,16.5453,16.6009,15.9362,15.8274,16.6295,24.6311,23.5823,24.1007,25.3228,25.1394,23.4615,0.3904,0.79,1.1473,2.1591,3.1017,6.2731,0.6234,1.126,1.6656,3.4309,4.9266,8.8503,7.2027,7.5639,7.3833,6.9792,7.652,8.3248,6.9588,8.4212,7.69,6.9702,8.0857,9.2012,9.136,8.07,7.004,5.4211,9.1703,7.2957,11.2493,12.7326,13.1642,12.9035,12.446,12.0168,5.9096,1.9275,0.1964,-0.1454,0.0511,15.3643,20.5884,0.9435,34.1661,9.6631,-5873463.1465,2735819.0
2019-01-02,7.49,83310.0,TBIO,7.4233,7.54,7.7071,7.9736,8.0652,7.3433,7.4583,7.4727,7.5639,7.7481,7.9361,7.7166,7.4467,7.4087,7.4229,7.6966,7.872,7.437,7.5143,7.8399,7.9534,7.8217,7.5219,7.0309,40.8672,39.428,41.3476,46.8457,48.0234,47.0125,24.8434,18.2308,22.1043,27.2079,21.7212,9.7352,0.12,-0.56,0.12,-1.57,-0.1,2.0,-13.9241,-57.8116,-66.6365,-97.8279,-102.7936,7.2616,0.1059,0.1059,0.1059,0.1059,0.1059,0.1059,-18.2657,-21.144,-17.3047,-6.3087,-3.9532,-5.9749,1.0163,0.9304,1.0163,0.8267,0.9868,1.3643,100.0,0.0,100.0,0.0,100.0,14.2857,7.1429,100.0,4.7619,38.0952,0.0,69.0476,13.9397,1.1632,5.7118,16.2553,18.2456,14.7866,21.6863,19.7439,18.7989,17.0869,16.6241,17.024,16.3799,19.2898,21.0765,23.7202,24.0443,22.9322,0.5503,0.922,1.2734,2.2949,3.244,6.4137,0.4156,0.9008,1.4277,3.1858,4.692,8.6396,7.2205,7.6262,7.4233,6.9952,7.54,8.0848,7.0016,8.4127,7.7071,6.9615,7.9736,8.9856,9.1407,8.0652,6.9898,5.555,9.1316,7.3433,11.2923,12.4694,12.9199,12.8084,12.4096,12.0165,5.9254,1.9475,0.1617,-0.139,0.0226,23.1026,19.1346,-0.6155,36.8475,9.5565,-5860721.617,2652509.0
2019-01-03,6.78,147505.0,TBIO,7.2567,7.284,7.5043,7.815,8.0438,7.3707,7.1367,7.2193,7.3321,7.589,7.8193,7.6904,6.9352,7.0263,7.1026,7.46,7.692,7.3638,7.4056,7.5614,7.637,7.6931,7.5136,7.0274,14.0179,22.6572,28.4868,39.2989,42.7456,44.4278,30.5312,18.2829,19.9139,25.9488,21.3338,9.799,-0.5,-1.28,-1.42,-2.22,-0.45,1.15,-100.0,-150.4734,-133.0551,-145.4159,-159.4999,-34.874,-0.8235,-0.8235,-0.8235,-0.8235,-0.8235,-0.8235,-71.9642,-54.6857,-43.0264,-21.4021,-14.5089,-11.1443,0.9313,0.8412,0.8268,0.7533,0.9378,1.2043,100.0,33.3333,100.0,0.0,100.0,0.0,0.0,100.0,100.0,33.3333,0.0,66.6667,41.907,18.491,6.7712,9.5804,13.5868,12.4151,26.6307,22.8442,21.0556,18.3237,17.4921,17.4633,10.9019,15.7144,18.385,22.2067,22.9927,22.4142,0.6768,1.0476,1.4015,2.441,3.3996,6.571,0.2771,0.7206,1.2237,2.9582,4.4686,8.4339,6.5825,7.9308,7.2567,6.7545,7.284,7.8135,6.6763,8.3323,7.5043,6.8003,7.815,8.8297,9.1999,8.0438,6.8878,5.6544,9.087,7.3707,12.4955,13.5275,14.0249,14.0345,13.6533,13.2573,5.9339,1.9674,0.118,-0.1745,-0.0565,21.9755,20.1475,-2.0121,33.6038,9.4543,-5976990.2641,2505004.0
2019-01-04,8.38,330864.0,TBIO,7.55,7.486,7.5514,7.79,8.0738,7.431,7.6983,7.5847,7.5511,7.6643,7.8499,7.7374,7.9685,7.7179,7.6023,7.6685,7.8133,7.4414,7.4892,7.633,7.6484,7.6999,7.5248,7.0666,73.3042,64.815,60.6586,56.3604,54.5617,50.6866,34.354,20.267,20.5282,25.781,21.4149,9.9845,0.88,1.01,0.33,-0.35,0.63,2.53,91.2807,111.7193,66.4836,-11.2872,-49.4958,31.5949,0.7538,0.7538,0.7538,0.7538,0.7538,0.7538,46.6083,29.6301,21.3173,12.7208,9.1234,1.3732,1.1173,1.137,1.041,0.9599,1.0813,1.4325,100.0,100.0,100.0,100.0,100.0,0.0,42.8571,100.0,100.0,28.5714,0.0,64.2857,41.9996,28.2033,24.214,23.6,23.0359,17.5911,12.3814,14.916,15.6922,15.8285,15.8249,16.583,30.3129,26.6346,25.7197,25.6073,25.298,23.6626,0.4512,0.8381,1.2013,2.2666,3.2377,6.4146,1.1047,1.4965,1.9689,3.6669,5.1758,9.1531,6.2409,8.8591,7.55,6.4505,7.486,8.5215,6.5795,8.5234,7.5514,6.8524,7.79,8.7276,9.2305,8.0738,6.9171,5.7553,9.1066,7.431,14.4964,13.4097,13.0503,12.2059,11.6285,11.0247,5.9584,1.9874,0.0964,-0.0866,0.0097,45.7752,30.2845,-2.7365,47.8795,9.3161,-5673274.0795,2835868.0
2019-01-07,7.32,367275.0,TBIO,7.4933,7.494,7.4457,7.7279,8.0314,7.464,7.5833,7.5293,7.4932,7.6016,7.7813,7.7322,7.5347,7.5099,7.4682,7.5739,7.7343,7.4176,7.4877,7.6314,7.6393,7.692,7.5214,7.0701,43.4986,44.6571,45.0085,46.9461,47.712,47.0875,40.5793,23.511,21.9455,25.8563,21.6002,10.1966,-0.17,0.04,-0.74,-0.87,-0.89,1.39,34.9633,45.4861,55.97,-29.5151,-63.891,15.4697,-0.6043,-0.6043,-0.6043,-0.6043,-0.6043,-0.6043,-13.0029,-10.6857,-9.9829,-6.1079,-4.5759,-5.8249,0.9773,1.0055,0.9082,0.8938,0.8916,1.2344,66.6667,100.0,80.0,100.0,85.7143,100.0,35.7143,92.8571,95.2381,23.8095,19.0476,61.9048,53.03,36.4873,30.4491,26.8348,25.3067,18.8912,7.1062,10.6447,12.3089,13.9379,14.4842,15.827,23.1523,22.8753,23.0864,24.162,24.299,23.1996,0.3008,0.6705,1.0297,2.1047,3.0835,6.2618,0.9801,1.4408,1.9312,3.6486,5.1729,9.1787,6.1641,8.8225,7.4933,6.4644,7.494,8.5236,6.5609,8.3305,7.4457,6.7892,7.7279,8.6665,9.2295,8.0314,6.8333,5.8547,9.0734,7.464,19.2769,17.2091,16.3257,14.7353,13.8518,12.9074,5.972,2.0073,0.0725,-0.0955,-0.023,46.248,37.9996,-3.9307,43.9324,9.1477,-5869496.1853,2468593.0
2019-01-08,6.9,72503.0,TBIO,7.5333,7.374,7.3786,7.6243,7.9576,7.4729,7.2867,7.3313,7.3568,7.4912,7.6785,7.706,7.0576,7.1631,7.1997,7.3938,7.5926,7.3577,7.4831,7.6127,7.6262,7.6623,7.5024,7.0691,35.0326,38.6965,40.2126,43.8226,45.3438,45.7685,42.9983,25.6299,22.9425,25.8756,21.754,10.398,0.12,-0.6,-0.47,-1.45,-1.55,0.37,-100.0,-72.5147,-94.1744,-123.4882,-124.4696,-40.3455,-0.6729,-0.6729,-0.6729,-0.6729,-0.6729,-0.6729,-29.9348,-22.6071,-19.5749,-12.3549,-9.3125,-8.4631,1.0177,0.92,0.9362,0.8263,0.8166,1.0567,33.3333,66.6667,60.0,80.0,71.4286,85.7143,28.5714,85.7143,90.4762,19.0476,16.6667,59.5238,47.8363,34.1053,28.9251,26.1266,24.8305,18.6551,6.661,9.9751,11.6859,13.5351,14.1851,15.6458,18.8779,20.3008,21.1973,23.1089,23.5566,22.822,0.2305,0.5664,0.9126,1.9844,2.9667,6.1427,0.6534,1.1526,1.6554,3.388,4.9266,8.9602,6.2878,8.7788,7.5333,6.2405,7.374,8.5075,6.4133,8.3438,7.3786,6.6633,7.6243,8.5852,9.232,7.9576,6.6832,5.88,9.0657,7.4729,16.7204,16.4574,16.1682,15.1771,14.4362,13.5875,5.9813,2.0272,0.0416,-0.1235,-0.0819,50.2007,47.408,-4.7608,43.2818,8.9894,-5935191.3918,2396090.0
2019-01-09,6.79,40278.0,TBIO,7.0033,7.234,7.3086,7.5271,7.8748,7.4776,6.915,7.1367,7.2096,7.38,7.5723,7.6742,6.8164,6.9186,6.9819,7.2224,7.4508,7.2922,7.1751,7.5882,7.6107,7.6318,7.4772,7.0676,32.5442,37.0763,38.9446,43.0153,44.7331,45.427,30.4099,22.1344,21.3959,25.3346,21.6506,10.5327,-1.59,-0.7,-0.49,-1.36,-1.74,0.2,-82.1976,-87.0566,-113.149,-157.3437,-144.2904,-71.7304,-0.3137,-0.3137,-0.3137,-0.3137,-0.3137,-0.3137,-34.9115,-25.8473,-22.1109,-13.9693,-10.5337,-9.1459,0.8103,0.9065,0.9327,0.8331,0.796,1.0303,0.0,33.3333,40.0,60.0,57.1429,71.4286,21.4286,78.5714,85.7143,14.2857,14.2857,57.1429,5.233,8.1527,12.116,18.3009,19.5811,16.0574,17.1681,15.4999,15.4395,15.3828,15.4464,16.2901,15.4606,18.2516,19.6966,22.2745,22.9685,22.5223,0.4837,0.7831,1.1122,2.1726,3.1554,6.3265,0.4356,0.9221,1.4189,3.146,4.692,8.7469,6.5466,7.4601,7.0033,6.0222,7.234,8.4458,6.2576,8.3595,7.3086,6.5244,7.5271,8.5299,9.2141,7.8748,6.5354,5.8942,9.061,7.4776,13.8312,14.8815,15.156,14.8579,14.3292,13.6577,5.9894,2.047,0.0061,-0.142,-0.1359,22.4897,39.6461,-5.0015,43.6933,8.8407,-5935981.1565,2355812.0
2019-01-10,6.15,86864.0,TBIO,6.6133,7.108,7.1157,7.4029,7.7624,7.4633,6.4883,6.7753,6.92,7.1964,7.4155,7.6125,6.2695,6.4401,6.5673,6.9266,7.217,7.1734,6.7195,7.5498,7.5244,7.5646,7.4126,7.0606,20.0904,28.422,32.0785,38.5644,41.3328,43.4933,36.8139,22.2112,19.8006,23.9993,21.1683,10.5664,-1.17,-0.63,-1.35,-1.74,-2.36,-0.6,-100.0,-115.1217,-138.9459,-186.9761,-174.8415,-117.2748,-0.8101,-0.8101,-0.8101,-0.8101,-0.8101,-0.8101,-59.8193,-43.156,-35.8429,-22.8713,-17.3344,-13.0134,0.8402,0.9071,0.82,0.7795,0.7227,0.9111,100.0,0.0,100.0,40.0,100.0,57.1429,14.2857,100.0,100.0,9.5238,11.9048,54.7619,49.6219,22.5182,10.2286,6.6408,11.5231,11.949,32.3229,24.1416,21.4418,18.3924,17.511,17.3529,10.8832,15.2674,17.4624,21.009,22.0722,22.0626,0.8625,1.1665,1.4933,2.5574,3.5451,6.7159,0.2904,0.7377,1.2162,2.9213,4.4686,8.5386,5.952,7.2747,6.6133,5.6315,7.108,8.5845,5.8112,8.4202,7.1157,6.1995,7.4029,8.6062,9.2568,7.7624,6.268,5.8435,9.0831,7.4633,14.4622,15.7132,16.1778,16.1499,15.6787,15.0258,5.991,2.0667,-0.0407,-0.1871,-0.2277,12.0305,28.2403,-6.672,42.2743,8.7008,-5989858.8274,2268948.0
2019-01-11,6.13,41255.0,TBIO,6.3567,6.658,6.9214,7.3143,7.6229,7.4476,6.2467,6.4493,6.6736,7.0267,7.2671,7.5504,6.0879,6.184,6.2993,6.6857,7.0115,7.0613,6.4575,6.9188,7.4413,7.519,7.3188,7.0531,19.7363,28.1652,31.8737,38.4305,41.23,43.4341,41.7946,22.6109,18.6182,22.7088,20.6855,10.5933,-0.77,-2.25,-1.36,-1.24,-2.93,-0.66,-74.5681,-96.9847,-117.8372,-161.9974,-175.8639,-131.5757,-0.3504,-0.3504,-0.3504,-0.3504,-0.3504,-0.3504,-60.5273,-43.6696,-36.2527,-23.1389,-17.54,-13.1317,0.8884,0.7315,0.8184,0.8318,0.6766,0.9028,100.0,0.0,100.0,20.0,100.0,42.8571,7.1429,100.0,100.0,4.7619,9.5238,52.381,51.7561,24.2098,11.5239,5.9329,11.0285,11.694,29.0993,23.1419,20.9117,18.2129,17.404,17.2991,9.2508,14.1207,16.5901,20.5103,21.7186,21.8808,0.609,0.9672,1.314,2.4088,3.4103,6.5899,0.1936,0.5902,1.0424,2.7126,4.2558,8.3353,5.7436,6.9697,6.3567,5.741,6.658,7.575,5.4981,8.3448,6.9214,5.9434,7.3143,8.6851,9.1533,7.6229,6.0925,5.7896,9.1056,7.4476,11.3798,13.6357,14.6435,15.411,15.2246,14.8378,5.9924,2.0863,-0.0923,-0.2064,-0.2986,8.1011,14.2071,-7.9776,42.0419,8.5118,-5988005.7038,2227693.0
2019-01-14,5.8,81820.0,TBIO,6.0267,6.354,6.7814,7.1429,7.4705,7.431,5.9683,6.1633,6.3932,6.8248,7.1014,7.4738,5.8055,5.8809,5.9936,6.4128,6.7771,6.9275,6.1653,6.4215,7.3718,7.3612,7.1976,7.0427,13.7426,23.7409,28.3841,36.1984,39.5262,42.4575,51.9549,26.5866,19.6766,21.2446,19.9536,10.5491,-0.99,-1.52,-0.98,-2.4,-3.2,-0.7,-100.0,-94.6784,-103.6837,-155.2498,-185.0046,-151.1717,-0.4462,-0.4462,-0.4462,-0.4462,-0.4462,-0.4462,-72.5147,-52.5183,-43.2319,-27.6031,-20.9475,-15.0849,0.8542,0.7923,0.8555,0.7073,0.6444,0.8923,100.0,0.0,100.0,0.0,100.0,28.5714,0.0,100.0,100.0,0.0,7.1429,50.0,72.2755,42.4895,26.027,2.2102,5.3163,8.7385,39.2136,29.2914,25.2205,20.3598,18.8687,18.0485,6.3107,11.8224,14.8035,19.4793,20.9876,21.5049,0.802,1.1697,1.5223,2.6327,3.6439,6.829,0.1291,0.4721,0.8935,2.5189,4.0531,8.1368,5.7057,6.3476,6.0267,5.5117,6.354,7.1963,5.1521,8.4108,6.7814,5.6621,7.1429,8.6236,9.0582,7.4705,5.8827,5.7219,9.14,7.431,11.7538,13.7706,14.8667,15.9249,15.8583,15.5755,5.9905,2.1059,-0.1492,-0.2279,-0.3771,7.8002,9.3106,-9.3141,43.9638,8.3081,-6011922.3192,2145873.0
2019-01-15,5.7,74284.0,TBIO,5.8767,6.114,6.3986,6.975,7.3262,7.424,5.805,5.9453,6.1229,6.6324,6.9405,7.3933,5.6586,5.6817,5.7658,6.1719,6.558,6.7943,5.9585,6.1009,6.6288,7.2117,7.0844,7.0349,12.0757,22.4076,27.3264,35.5251,39.0133,42.1633,58.7285,29.7672,20.5838,19.885,19.2566,10.506,-0.45,-1.2,-2.68,-2.35,-3.03,-0.29,-78.6442,-92.1741,-89.9532,-138.887,-167.9916,-160.1245,-0.5329,-0.5329,-0.5329,-0.5329,-0.5329,-0.5329,-75.8486,-55.1849,-45.3473,-28.9498,-21.9734,-15.6735,0.9268,0.8261,0.6802,0.7081,0.6529,0.9516,66.6667,0.0,80.0,0.0,85.7143,14.2857,57.1429,92.8571,95.2381,28.5714,4.7619,47.619,72.2755,42.4895,26.027,2.2102,5.3163,8.7385,31.7785,26.6322,23.7558,19.8329,18.547,17.894,5.1141,10.7491,13.9437,18.9752,20.6298,21.3208,0.5347,0.9358,1.3048,2.4447,3.4704,6.6664,0.086,0.3777,0.7659,2.3389,3.8601,7.9431,5.5092,6.2441,5.8767,5.3506,6.114,6.8774,5.2687,7.5284,6.3986,5.413,6.975,8.537,8.9792,7.3262,5.6731,5.6896,9.1585,7.424,9.8389,12.3291,13.7659,15.4466,15.6346,15.6047,5.9876,2.1253,-0.2078,-0.2345,-0.4423,8.8787,8.26,-9.883,32.6393,8.0617,-6039633.2785,2071589.0
2019-01-16,5.65,124175.0,TBIO,5.7167,5.886,6.16,6.8029,7.2052,7.4088,5.6917,5.7907,5.9357,6.4557,6.7881,7.3108,5.5947,5.5674,5.6117,5.9702,6.3611,6.6663,5.8214,5.9005,6.1938,7.067,6.9937,7.0237,11.0687,21.6477,26.745,35.1728,38.7493,42.0141,67.1432,34.8794,22.898,19.0672,18.3848,10.4102,-0.48,-1.14,-1.67,-2.41,-2.54,-0.64,-84.2434,-82.5641,-86.3704,-119.7617,-148.5808,-162.5417,-0.0664,-0.0664,-0.0664,-0.0664,-0.0664,-0.0664,-77.8625,-56.7045,-46.51,-29.6544,-22.5015,-15.9718,0.9217,0.8321,0.7719,0.701,0.6899,0.8983,100.0,0.0,100.0,0.0,100.0,0.0,50.0,100.0,100.0,23.8095,100.0,45.2381,83.9726,55.3282,36.7835,8.4355,0.9495,6.4837,35.1142,29.4748,26.0079,21.0835,19.4206,18.3443,3.0591,8.4768,12.0199,17.8032,19.7929,20.888,0.6584,1.0506,1.4204,2.572,3.6071,6.8097,0.0574,0.3022,0.6565,2.1719,3.6763,7.754,5.5919,5.8414,5.7167,5.4599,5.886,6.3121,5.2198,7.1002,6.16,5.226,6.8029,8.3797,8.9565,7.2052,5.4539,5.6243,9.1933,7.4088,11.0627,12.6178,13.809,15.4228,15.6569,15.6855,5.9842,2.1446,-0.2647,-0.2276,-0.4923,14.746,10.475,-10.3636,35.7132,7.8374,-6047790.7602,1947414.0
2019-01-17,5.75,54671.0,TBIO,5.7,5.806,5.9957,6.6871,7.0814,7.405,5.7083,5.7453,5.8332,6.3153,6.6558,7.2336,5.6675,5.5813,5.5711,5.8379,6.2099,6.5568,5.8189,5.8678,6.0458,6.9891,6.9113,7.0173,28.8641,27.7709,30.2095,36.5285,39.6075,42.4314,58.9583,35.4446,23.4711,18.0717,17.6469,10.3382,-0.05,-0.4,-1.15,-1.62,-2.6,-0.16,100.0,-3.936,-44.8733,-85.9301,-115.9853,-145.906,0.1311,0.1311,0.1311,0.1311,0.1311,0.1311,-42.2718,-44.4581,-39.5811,-26.943,-20.785,-15.1373,0.9914,0.935,0.8333,0.7802,0.6886,0.9729,66.6667,0.0,80.0,0.0,85.7143,0.0,42.8571,92.8571,95.2381,19.0476,97.619,42.8571,42.5885,37.7053,26.9097,5.1301,2.8884,7.3859,23.5988,24.2808,23.0096,20.0062,18.7732,18.0406,9.5018,10.9841,13.2518,18.0537,19.89,20.9181,0.439,0.8405,1.2175,2.3883,3.4354,6.6476,0.1767,0.3802,0.7012,2.1552,3.6397,7.7079,5.6184,5.7816,5.7,5.4669,5.806,6.1451,5.248,6.7434,5.9957,5.0569,6.6871,8.3174,8.8589,7.0814,5.3039,5.6071,9.2029,7.405,10.7831,12.0404,13.1459,14.8299,15.1572,15.2983,5.9818,2.1637,-0.3154,-0.2025,-0.5179,26.1365,16.5871,-11.0498,37.9173,7.5835,-6071989.3996,2002085.0
2019-01-18,5.53,47446.0,TBIO,5.6433,5.686,5.8157,6.5621,6.9567,7.3621,5.6233,5.6533,5.7168,6.161,6.5148,7.1464,5.5414,5.484,5.4632,5.6822,6.0429,6.4355,5.7853,5.7778,5.8698,6.8957,6.8191,6.9865,17.3845,22.8584,26.9394,34.8041,38.3657,41.7543,59.3355,37.8357,24.9924,17.4246,16.8166,10.2355,-0.17,-0.6,-1.26,-1.75,-2.62,-1.8,-78.0554,-112.8619,-98.5727,-93.1193,-121.1258,-158.5596,-0.6047,-0.6047,-0.6047,-0.6047,-0.6047,-0.6047,-65.2311,-54.2832,-46.1212,-30.3919,-23.2686,-16.4915,0.9702,0.9021,0.8144,0.7596,0.6785,0.7544,33.3333,66.6667,60.0,0.0,71.4286,0.0,35.7143,85.7143,90.4762,14.2857,95.2381,40.4762,60.09,47.4002,34.1203,9.012,0.2114,6.0241,28.3007,26.6436,24.6421,20.8222,19.3291,18.322,7.0553,9.5078,12.1042,17.3795,19.411,20.671,0.4726,0.8524,1.2236,2.3977,3.4518,6.6693,0.1178,0.3042,0.601,2.0013,3.4664,7.5243,5.4635,5.8232,5.6433,5.5007,5.686,5.8713,5.3765,6.2549,5.8157,4.8659,6.5621,8.2584,8.7837,6.9567,5.1296,5.4755,9.2488,7.3621,10.0667,11.5707,12.827,14.8738,15.38,15.7133,5.9773,2.1828,-0.3622,-0.1874,-0.5496,31.5961,24.1595,-11.6369,36.629,7.3549,-6090747.1205,1954639.0
2019-01-22,4.9,85120.0,TBIO,5.3933,5.506,5.6371,6.3764,6.8143,7.3169,5.2517,5.3913,5.4879,5.9394,6.3278,7.0319,5.0345,5.0959,5.1311,5.4058,5.7914,6.266,5.5272,5.5053,5.5395,6.6843,6.6728,6.9409,6.4188,13.9961,19.7845,30.381,35.0605,39.8871,67.5665,43.8448,28.8744,17.6439,16.398,10.0321,-0.75,-0.9,-1.25,-2.6,-2.99,-1.9,-100.0,-166.6667,-189.7569,-121.6059,-141.2063,-187.367,-0.8696,-0.8696,-0.8696,-0.8696,-0.8696,-0.8696,-87.1623,-72.0079,-60.431,-39.2381,-29.879,-20.2258,0.8673,0.8448,0.7967,0.6533,0.621,0.7206,100.0,33.3333,100.0,0.0,100.0,0.0,28.5714,100.0,100.0,9.5238,100.0,38.0952,84.0284,67.881,52.166,20.4954,8.0246,1.6938,49.3676,38.7849,32.9334,24.6783,21.8722,19.5856,4.2845,7.4203,10.3528,16.2831,18.6227,20.2605,0.9051,1.2719,1.6388,2.8165,3.8774,7.1005,0.0786,0.2433,0.5152,1.8583,3.3013,7.3452,4.6729,6.1138,5.3933,4.8826,5.506,6.1294,4.9439,6.3304,5.6371,4.5661,6.3764,8.1868,8.7883,6.8143,4.8402,5.2924,9.3414,7.3169,12.4719,13.3855,14.5073,16.6367,17.2306,17.6612,5.9665,2.2017,-0.4135,-0.205,-0.6184,25.9059,27.8795,-11.8811,35.5034,7.1492,-6153661.9031,1869519.0
2019-01-23,5.28,79928.0,TBIO,5.2367,5.422,5.5157,6.2186,6.7148,7.2798,5.195,5.316,5.3986,5.7932,6.1883,6.9372,5.1591,5.1127,5.0961,5.2837,5.6421,6.1435,5.5058,5.4915,5.5082,6.5793,6.6085,6.9123,40.4207,33.4499,32.4159,35.6898,38.4204,41.5034,70.3703,47.8411,31.8542,17.7885,15.9768,9.8386,-0.47,-0.42,-0.85,-2.21,-2.09,-1.56,-16.9291,-59.0758,-90.196,-94.3716,-111.5168,-160.1292,0.5614,0.5614,0.5614,0.5614,0.5614,0.5614,-19.1586,-33.1003,-35.1683,-28.6203,-23.1592,-16.9932,0.9183,0.9263,0.8613,0.7049,0.7164,0.7719,66.6667,0.0,80.0,40.0,85.7143,0.0,21.4286,92.8571,95.2381,4.7619,97.619,35.7143,75.9778,63.8266,49.7329,19.6684,7.5527,1.9025,32.5764,31.2748,28.6949,23.2935,21.0854,19.243,4.4469,6.9056,9.6332,15.6366,18.1241,19.9894,0.6034,1.0175,1.4047,2.6153,3.6928,6.9315,0.0824,0.2247,0.4716,1.7556,3.1741,7.2003,4.7186,5.7547,5.2367,4.8128,5.422,6.0312,4.9193,6.1122,5.5157,4.439,6.2186,7.9982,8.7755,6.7148,4.654,5.1663,9.3932,7.2798,11.6935,12.324,13.2445,15.1888,15.7972,16.284,5.9597,2.2205,-0.4578,-0.1772,-0.635,21.9141,26.472,-13.9128,36.9509,6.8919,-6143846.1838,1949447.0
2019-01-24,5.48,156103.0,TBIO,5.22,5.388,5.47,6.1257,6.5852,7.2438,5.3167,5.3353,5.3896,5.6948,6.0761,6.8535,5.3705,5.2499,5.1754,5.2417,5.5504,6.0484,5.5056,5.4913,5.5073,6.5362,6.5225,6.8885,53.7014,42.0705,38.3745,38.3543,40.1322,42.3393,47.6483,42.8702,30.7663,17.2801,15.3296,9.7042,-0.05,-0.17,-0.32,-1.3,-2.72,-1.51,100.0,7.5039,-14.9132,-66.7745,-86.4688,-135.0298,0.2532,0.2532,0.2532,0.2532,0.2532,0.2532,7.4027,-15.8589,-23.251,-23.2914,-19.7357,-15.3215,0.991,0.9699,0.9448,0.8083,0.6683,0.784,33.3333,100.0,60.0,20.0,71.4286,0.0,14.2857,85.7143,90.4762,0.0,95.2381,33.3333,2.2043,22.9867,24.2391,10.6701,2.3863,4.1943,19.8665,23.9927,24.1482,21.6528,20.1319,18.8202,19.0096,15.024,14.7256,17.4775,19.1935,20.468,0.4023,0.814,1.204,2.4285,3.5169,6.7664,0.3849,0.5097,0.7342,1.9602,3.353,7.3589,4.7389,5.7011,5.22,4.8157,5.388,5.9603,4.9205,6.0195,5.47,4.3374,6.1257,7.9141,8.5977,6.5852,4.5728,5.0616,9.426,7.2438,12.3165,12.3826,12.9975,14.6189,15.1824,15.6594,5.9549,2.2392,-0.4912,-0.1336,-0.6248,29.7101,25.8434,-14.8406,39.9441,6.6629,-6137918.2218,2105550.0
2019-01-25,5.71,65466.0,TBIO,5.49,5.38,5.4714,5.935,6.4738,7.2133,5.5617,5.4427,5.4496,5.6393,5.9965,6.7821,5.6232,5.4642,5.3396,5.2717,5.5139,5.9817,5.5964,5.4926,5.5082,6.3887,6.4738,6.872,66.5597,51.1642,44.8931,41.363,42.0764,43.2938,36.3368,39.8485,30.2714,16.9157,14.7624,9.5605,0.81,-0.04,0.01,-2.67,-2.34,-1.28,63.8298,51.6975,9.5778,-56.8879,-76.064,-123.9182,0.2169,0.2169,0.2169,0.2169,0.2169,0.2169,33.1193,2.3284,-10.2139,-17.2739,-15.8472,-13.4123,1.1653,0.993,1.0018,0.6814,0.7093,0.8169,0.0,66.6667,40.0,0.0,57.1429,28.5714,7.1429,78.5714,85.7143,38.0952,92.8571,30.9524,13.7138,27.7616,27.3022,12.1786,3.4196,3.668,15.5134,20.3491,21.5926,20.677,19.576,18.5802,11.7716,11.5057,12.3308,16.1874,18.2815,19.9952,0.3382,0.7212,1.102,2.325,3.4195,6.6753,0.2566,0.4078,0.6293,1.8202,3.1933,7.1837,5.1386,5.8414,5.49,4.8273,5.38,5.9327,4.9195,6.0234,5.4714,4.6504,5.935,7.2196,8.4071,6.4738,4.5405,4.9826,9.4441,7.2133,12.7256,12.4143,12.7685,14.0662,14.5692,15.0169,5.9524,2.2578,-0.5112,-0.0801,-0.5913,56.1077,35.9106,-15.0286,43.1369,6.4591,-6091382.1495,2171016.0
2019-01-28,5.61,60519.0,TBIO,5.6,5.396,5.4657,5.8129,6.3571,7.1807,5.6217,5.5193,5.4843,5.596,5.918,6.7075,5.6331,5.5312,5.4114,5.2771,5.4681,5.9113,5.5991,5.4937,5.5088,6.2899,6.4194,6.8534,56.3528,47.1423,42.607,40.4389,41.4617,42.977,28.7958,37.4311,29.8472,16.5773,14.2223,9.4202,0.33,0.08,-0.04,-1.71,-2.45,-1.37,100.0,81.544,43.5297,-41.1643,-64.4791,-111.9359,-0.2703,-0.2703,-0.2703,-0.2703,-0.2703,-0.2703,12.7055,-5.7154,-14.7861,-19.1222,-17.0766,-14.0461,1.0625,1.0145,0.9929,0.7664,0.696,0.8037,0.0,33.3333,20.0,60.0,42.8571,14.2857,0.0,71.4286,80.9524,33.3333,90.4762,28.5714,13.7138,27.7616,27.3022,12.1786,3.4196,3.668,12.3652,18.0002,19.9087,19.9694,19.1501,18.3863,9.3828,10.1776,11.3691,15.6335,17.8837,19.7864,0.2255,0.577,0.9446,2.1589,3.2566,6.5164,0.1711,0.3262,0.5394,1.6902,3.0413,7.0126,5.4117,5.7883,5.6,4.8226,5.396,5.9694,4.9205,6.0109,5.4657,4.7772,5.8129,6.8485,8.1863,6.3571,4.5279,4.8978,9.4636,7.1807,10.8334,11.4275,12.0817,13.7654,14.4368,15.0777,5.949,2.2762,-0.5222,-0.0441,-0.5663,70.1518,51.9899,-15.2588,44.9083,6.2777,-6083203.9062,2110497.0
2019-01-29,5.5,26084.0,TBIO,5.6067,5.516,5.43,5.7129,6.2681,7.15,5.5717,5.554,5.4929,5.5543,5.84,6.6294,5.5473,5.5086,5.4161,5.2597,5.4123,5.8367,5.5982,5.4948,5.5086,6.2057,6.3757,6.8344,44.9733,42.5439,39.9934,39.3962,40.7737,42.6254,23.7685,35.4972,29.4837,16.2631,13.7079,9.2832,0.02,0.6,-0.25,-1.4,-1.87,-1.29,10.5263,58.7669,53.2343,-38.2403,-62.2936,-107.8132,-0.4643,-0.4643,-0.4643,-0.4643,-0.4643,-0.4643,-10.0534,-14.9122,-20.0133,-21.2076,-18.4526,-14.7492,1.0036,1.1224,0.9565,0.7971,0.7463,0.81,33.3333,0.0,0.0,40.0,28.5714,0.0,0.0,64.2857,76.1905,28.5714,88.0952,26.1905,13.7138,27.7616,27.3022,12.1786,3.4196,3.668,10.0501,16.2282,18.6262,19.4275,18.8247,18.2386,7.626,9.1757,10.6368,15.2092,17.5798,19.6276,0.1503,0.4616,0.8096,2.0047,3.1015,6.3612,0.114,0.261,0.4624,1.5695,2.8964,6.8457,5.4351,5.7782,5.6067,5.2279,5.516,5.8041,4.9334,5.9266,5.43,4.8626,5.7129,6.5631,8.0733,6.2681,4.4629,4.8129,9.4871,7.15,9.0637,10.343,11.2902,13.4014,14.2667,15.1343,5.9445,2.2946,-0.5276,-0.0215,-0.5491,73.9683,66.7426,-14.8973,45.963,6.1162,-6099972.192,2084413.0
2019-01-30,5.66,35735.0,TBIO,5.59,5.592,5.4486,5.6321,6.191,7.1269,5.5983,5.602,5.5504,5.5472,5.7848,6.5601,5.634,5.5865,5.494,5.2907,5.3946,5.7827,5.5995,5.5151,5.5104,6.1652,6.3481,6.8214,61.8024,51.1988,45.6509,41.7489,42.2376,43.3163,20.4169,33.9501,29.172,15.9714,13.218,9.1495,-0.05,0.38,0.13,-1.13,-1.62,-0.97,84.6154,90.4762,73.4195,-13.0137,-53.3356,-99.606,0.5,0.5,0.5,0.5,0.5,0.5,23.6048,2.3977,-8.6982,-16.5021,-15.5248,-13.3674,0.9912,1.072,1.0235,0.8336,0.7775,0.8537,0.0,0.0,0.0,20.0,14.2857,42.8571,0.0,57.1429,71.4286,23.8095,85.7143,23.8095,13.7138,27.7616,27.3022,12.1786,3.4196,3.668,7.8465,14.4501,17.3243,18.876,18.4947,18.0899,5.9539,8.1703,9.8933,14.7774,17.2716,19.4675,0.1002,0.3693,0.694,1.8615,2.9539,6.2098,0.076,0.2088,0.3963,1.4573,2.7585,6.6827,5.4563,5.7237,5.59,5.4134,5.592,5.7706,4.9292,5.968,5.4486,5.0271,5.6321,6.2372,7.9546,6.191,4.4273,4.7508,9.503,7.1269,7.5206,9.0299,10.1104,12.4458,13.4388,14.4741,5.9417,2.3128,-0.5254,0.0088,-0.5166,70.9782,71.6994,-14.6387,48.3031,5.9726,-6082104.692,2120148.0
2019-01-31,5.68,53315.0,TBIO,5.6133,5.632,5.56,5.5986,6.1043,7.0871,5.6433,5.6313,5.6082,5.5536,5.7383,6.4928,5.6772,5.6404,5.5569,5.3256,5.3857,5.7351,5.6031,5.5261,5.5456,6.151,6.3167,6.7996,63.874,52.321,46.388,42.0518,42.4244,43.4036,26.4684,28.1693,27.147,15.4486,12.6625,9.0371,0.07,0.2,0.78,-0.47,-1.82,-1.67,97.8723,119.6581,97.4726,19.6414,-44.9608,-90.9265,0.0857,0.0857,0.0857,0.0857,0.0857,0.0857,27.748,4.6421,-7.224,-15.8965,-15.1513,-13.1929,1.0125,1.0365,1.1592,0.9236,0.7573,0.7728,0.0,100.0,20.0,0.0,0.0,28.5714,0.0,50.0,66.6667,19.0476,83.3333,21.4286,38.5712,5.0462,14.9967,8.653,1.553,4.4274,5.5605,12.3378,15.7217,18.1811,18.0787,17.9029,12.5434,11.1525,11.6211,15.2852,17.5257,19.5616,0.0668,0.2954,0.5948,1.7286,2.8132,6.0619,0.1507,0.267,0.4397,1.4533,2.7272,6.6236,5.4522,5.7744,5.6133,5.4848,5.632,5.7792,5.2794,5.8406,5.56,5.0641,5.5986,6.133,7.7787,6.1043,4.4299,4.6718,9.5025,7.0871,7.0501,8.4309,9.5159,11.9562,13.0473,14.2264,5.9391,2.3309,-0.517,0.0335,-0.4836,72.8906,72.6124,-13.5026,54.233,5.8447,-6074488.2634,2173463.0
2019-02-01,5.72,11927.0,TBIO,5.6867,5.634,5.6229,5.5693,6.02,7.0426,5.6967,5.6607,5.6482,5.5698,5.7034,6.4292,5.7187,5.691,5.6175,5.368,5.3877,5.6954,5.655,5.5273,5.5698,6.1403,6.2899,6.7759,68.9293,54.913,48.0326,42.6935,42.8127,43.5815,30.5027,23.5447,25.4112,14.9632,12.1335,8.9273,0.22,0.01,0.44,-0.41,-1.77,-1.87,92.8571,112.7451,121.6954,54.8771,-36.7772,-83.5271,0.1053,0.1053,0.1053,0.1053,0.1053,0.1053,37.8586,9.8261,-3.9348,-14.6131,-14.3746,-12.837,1.04,1.0018,1.0833,0.9331,0.7637,0.7536,33.3333,66.6667,0.0,80.0,0.0,14.2857,0.0,42.8571,61.9048,14.2857,80.9524,19.0476,38.5712,5.0462,14.9967,8.653,1.553,4.4274,4.4943,11.2245,14.8515,17.798,17.8498,17.8006,10.1382,10.1461,10.978,14.9632,17.3039,19.4498,0.0445,0.2363,0.5099,1.6051,2.6792,5.9176,0.1005,0.2136,0.3769,1.3494,2.5973,6.4659,5.6368,5.7366,5.6867,5.4824,5.634,5.7856,5.4418,5.8039,5.6229,5.1157,5.5693,6.0229,7.5813,6.02,4.4587,4.5972,9.488,7.0426,5.7744,7.3619,8.5739,11.2618,12.4972,13.8697,5.9369,2.349,-0.5034,0.0544,-0.449,77.6968,73.8552,-12.2482,54.6667,5.83,-6071349.5792,2185390.0
2019-02-04,5.82,36151.0,TBIO,5.74,5.676,5.6714,5.5707,5.9743,7.009,5.7633,5.7227,5.6975,5.6032,5.6852,6.3723,5.8044,5.7723,5.7017,5.431,5.4095,5.6684,5.7284,5.565,5.5977,6.1388,6.2791,6.7601,79.6225,61.4604,52.3004,44.3525,43.8076,44.0322,46.9967,25.3303,23.061,13.9852,11.6668,8.8572,0.16,0.21,0.34,0.02,-0.96,-1.41,100.0,137.8288,156.234,110.8072,-19.8262,-72.4335,0.2374,0.2374,0.2374,0.2374,0.2374,0.2374,59.245,22.9208,4.6007,-11.295,-12.3849,-11.9356,1.0283,1.0374,1.062,1.0034,0.8584,0.805,0.0,100.0,0.0,100.0,14.2857,100.0,0.0,35.7143,57.1429,9.5238,78.5714,16.6667,79.9846,32.4726,8.9596,1.2705,2.334,5.9828,2.9761,9.3532,13.3254,17.1095,17.4387,17.6176,26.7616,18.3487,15.9482,16.6802,18.2722,19.8598,0.0297,0.1891,0.437,1.4905,2.5517,5.7767,0.267,0.3709,0.523,1.4531,2.6736,6.5119,5.6222,5.8578,5.74,5.4683,5.676,5.8837,5.4874,5.8555,5.6714,5.1141,5.5707,6.0273,7.4997,5.9743,4.4489,4.5363,9.4818,7.009,5.7136,6.9464,8.05,10.6913,11.9734,13.4447,5.9357,2.3669,-0.4845,0.0756,-0.4089,74.9549,75.1808,-10.8064,55.8824,4.81,-6071671.3982,2221541.0
2019-02-05,6.1,56707.0,TBIO,5.88,5.796,5.7271,5.5993,5.8657,6.9698,5.9433,5.864,5.8046,5.6738,5.6966,6.33,6.0397,5.9692,5.879,5.5549,5.4795,5.6696,5.8935,5.8028,5.6608,6.1378,6.2603,6.7469,91.6672,74.4476,62.39,48.8202,46.5418,45.2859,62.1165,32.3872,24.6888,13.6538,11.5035,8.847,0.42,0.6,0.39,0.4,-2.28,-1.65,100.0,146.8773,183.8488,194.2035,28.2879,-53.7648,0.3616,0.3616,0.3616,0.3616,0.3616,0.3616,83.3344,48.8951,24.7801,-2.3595,-6.9164,-9.4283,1.0739,1.1091,1.0683,1.0702,0.7279,0.7871,0.0,100.0,20.0,100.0,0.0,100.0,100.0,28.5714,52.381,4.7619,76.1905,14.2857,92.3562,60.6152,34.4557,9.3462,8.2365,8.4264,1.7134,7.1778,11.3471,16.1321,16.8462,17.3519,43.1179,29.2718,23.2771,19.4585,19.8704,20.5453,0.0198,0.1513,0.3746,1.384,2.4301,5.6392,0.4981,0.6168,0.7684,1.6694,2.8664,6.677,5.5583,6.2017,5.88,5.4726,5.796,6.1194,5.3728,6.0815,5.7271,5.0697,5.5993,6.1289,6.9522,5.8657,4.7793,4.4929,9.4466,6.9698,6.3124,6.9089,7.7311,10.0459,11.2624,12.7134,5.9373,2.3847,-0.4577,0.1073,-0.3504,72.8366,75.1628,-9.6289,51.1089,4.8218,-6068813.6217,2278248.0
2019-02-06,6.43,116303.0,TBIO,6.1167,5.95,5.8443,5.655,5.8233,6.9274,6.2183,6.0753,5.9804,5.7846,5.7479,6.3049,6.3611,6.2546,6.1369,5.7399,5.5997,5.7017,6.132,6.0815,5.8845,6.1528,6.2659,6.74,95.9252,82.9246,70.8641,53.5533,49.5779,46.7265,73.4604,40.8383,28.4959,14.0393,11.6238,8.8969,0.71,0.77,0.82,0.78,-0.89,-1.78,100.0,124.3079,160.0526,218.4941,102.6417,-33.772,0.5926,0.5926,0.5926,0.5926,0.5926,0.5926,91.8503,65.8492,41.7282,7.1066,-0.8442,-6.5469,1.1241,1.136,1.1462,1.1381,0.8784,0.7832,0.0,100.0,0.0,100.0,0.0,100.0,100.0,21.4286,47.619,0.0,73.8095,11.9048,96.1483,74.6423,51.3382,19.0507,14.0295,10.9441,0.9995,5.4121,9.5004,15.0903,16.1978,17.0562,50.9015,37.2737,29.5464,22.193,21.4844,21.2483,0.0132,0.121,0.3211,1.2851,2.3144,5.5049,0.672,0.8334,0.9985,1.89,3.0698,6.8579,5.618,6.6153,6.1167,5.3874,5.95,6.5126,5.2568,6.4318,5.8443,4.9735,5.655,6.3365,6.7349,5.8233,4.9118,4.4761,9.3787,6.9274,6.8435,6.9542,7.5085,9.4605,10.5829,11.9774,5.9423,2.4025,-0.421,0.1467,-0.2743,75.0959,74.2958,-7.9275,52.0139,4.8516,-6047276.0291,2394551.0
2019-02-07,6.52,64159.0,TBIO,6.35,6.118,5.99,5.71,5.8052,6.8814,6.42,6.2653,6.1493,5.8999,5.8113,6.286,6.5262,6.451,6.3397,5.9134,5.7216,5.7406,6.3044,6.2764,6.167,6.1714,6.2695,6.7346,96.6297,84.6595,72.8132,54.7815,50.3849,47.1156,81.3078,48.3379,32.4767,14.6418,11.8397,8.9683,0.7,0.84,1.02,0.77,-0.38,-1.93,62.107,90.0627,108.1974,178.1073,132.3987,-28.5595,0.1233,0.1233,0.1233,0.1233,0.1233,0.1233,93.2594,69.3191,45.6263,9.563,0.7697,-5.7688,1.1203,1.1479,1.1855,1.1339,0.9449,0.7716,0.0,100.0,0.0,100.0,14.2857,100.0,100.0,14.2857,42.8571,0.0,71.4286,9.5238,97.0026,78.3366,56.3614,22.4742,16.1583,11.8946,0.5463,3.8431,7.5878,13.8147,15.3729,16.6699,35.9051,31.6372,27.1878,21.8242,21.2983,21.1709,0.0088,0.0968,0.2752,1.1933,2.2042,5.3738,0.5782,0.7969,0.9861,1.8852,3.0538,6.8248,5.9889,6.7111,6.35,5.4815,6.118,6.7545,5.3167,6.6633,5.99,4.8954,5.71,6.5246,6.6427,5.8052,4.9678,4.4741,9.2888,6.8814,8.2325,7.7264,7.9469,9.4635,10.4731,11.7975,5.948,2.4203,-0.3777,0.1733,-0.2044,78.2407,75.3911,-5.1486,56.6802,4.9055,-6028841.9587,2458710.0
2019-02-08,6.77,78798.0,TBIO,6.5733,6.328,6.1486,5.7986,5.8043,6.8395,6.63,6.4827,6.3443,6.0412,5.899,6.2808,6.7534,6.6848,6.5744,6.1168,5.8723,5.8003,6.5113,6.4958,6.435,6.2328,6.2718,6.7354,98.041,88.6602,77.6569,58.0962,52.5975,48.1921,86.6522,54.6198,36.1633,15.2961,12.0847,9.0467,0.67,1.05,1.11,1.24,-0.02,-1.76,100.0,86.4194,101.774,154.2807,170.9676,-17.2761,0.6614,0.6614,0.6614,0.6614,0.6614,0.6614,96.082,77.3204,55.3139,16.1925,5.1949,-3.6157,1.1098,1.1836,1.1961,1.2242,0.9971,0.7937,0.0,100.0,0.0,100.0,0.0,100.0,100.0,7.1429,38.0952,0.0,69.0476,7.1429,97.341,79.7473,58.2831,23.8016,16.9839,12.2615,0.3433,2.9222,6.3008,12.8013,14.6898,16.3402,25.4751,25.9356,23.9066,20.7986,20.7004,20.9073,0.0059,0.0774,0.2359,1.1081,2.0993,5.2459,0.4352,0.6873,0.895,1.8004,2.9582,6.7121,6.2857,6.861,6.5733,5.6631,6.328,6.9929,5.3497,6.9475,6.1486,4.827,5.7986,6.7702,6.6373,5.8043,4.9713,4.4878,9.1913,6.8395,8.4122,7.8288,7.9001,9.133,10.0527,11.3146,5.9563,2.4379,-0.3276,0.2003,-0.1273,84.6839,79.3402,-2.6741,60.9025,4.9805,-5964934.9193,2537508.0
2019-02-11,6.9,55846.0,TBIO,6.73,6.544,6.3229,5.9414,5.84,6.8012,6.7933,6.6733,6.5321,6.1881,5.9986,6.2836,6.9119,6.8704,6.7755,6.3135,6.0268,5.8685,6.6841,6.6754,6.6417,6.4436,6.2924,6.7386,98.5233,90.3038,79.8364,59.7486,53.7243,48.7479,90.6968,61.1193,40.9042,16.5281,12.5858,9.184,0.47,1.08,1.22,2.0,0.75,-1.61,100.0,129.3402,115.7971,156.9438,204.857,2.5712,0.4698,0.4698,0.4698,0.4698,0.4698,0.4698,97.0466,80.6077,59.6727,19.4972,7.4485,-2.5042,1.0731,1.1856,1.2148,1.4082,1.122,0.8108,33.3333,100.0,0.0,100.0,0.0,100.0,100.0,0.0,33.3333,100.0,66.6667,4.7619,98.786,87.1173,69.3498,32.5436,22.6076,14.8156,0.2226,2.2632,5.2843,11.8883,14.0524,16.0245,36.4494,32.873,29.1969,23.359,22.2623,21.5986,0.0039,0.062,0.2022,1.029,1.9993,5.121,0.6402,0.8998,1.1172,2.0218,3.1673,6.9023,6.4146,7.0454,6.73,5.9865,6.544,7.1015,5.4779,7.1678,6.3229,4.9523,5.9414,6.9305,6.7859,5.84,4.8941,4.5078,9.0945,6.8012,8.4846,7.9343,7.9219,8.9599,9.8197,11.0502,5.9657,2.4556,-0.2731,0.218,-0.0551,83.8401,82.2549,-0.8029,61.6756,5.073,-5959751.0933,2593354.0
2019-02-12,7.23,318062.0,TBIO,6.9667,6.77,6.5386,6.0807,5.8924,6.7576,7.0433,6.902,6.7589,6.3599,6.1249,6.3036,7.196,7.1395,7.0408,6.5538,6.219,5.9628,6.9267,6.9219,6.9031,6.6902,6.339,6.7498,99.2378,93.3584,84.3557,63.6654,56.4815,50.1388,93.6047,67.2959,46.2534,18.3577,13.3843,9.3962,0.71,1.13,1.51,1.95,1.1,-1.83,100.0,127.7809,142.7702,165.8633,220.3033,30.5825,0.4474,0.4474,0.4474,0.4474,0.4474,0.4474,98.4756,86.7168,68.7114,27.3307,12.9629,0.2776,1.1089,1.1852,1.264,1.3693,1.1794,0.798,0.0,100.0,0.0,100.0,0.0,100.0,100.0,0.0,28.5714,100.0,64.2857,2.381,99.4204,92.0025,78.3484,42.1429,29.3553,18.0954,0.135,1.6801,4.2901,10.8612,13.3061,15.6434,46.4441,40.3365,35.3386,26.6837,24.3644,22.5557,0.0026,0.0496,0.1733,0.9555,1.9041,4.999,0.8968,1.1899,1.4276,2.3474,3.4865,7.208,6.5794,7.3539,6.9667,6.1997,6.77,7.3403,5.6496,7.4276,6.5386,4.9626,6.0807,7.1988,7.004,5.8924,4.7807,4.5705,8.9447,6.7576,8.9021,8.1601,7.982,8.691,9.4258,10.545,5.9783,2.4732,-0.2128,0.2412,0.0284,82.4391,83.6544,2.0208,59.0849,5.1994,-5993231.3038,2911416.0
2019-02-13,7.38,48037.0,TBIO,7.17,6.96,6.7614,6.2164,5.9676,6.719,7.25,7.1053,6.9693,6.5331,6.2602,6.3325,7.388,7.3525,7.2675,6.7837,6.4122,6.0648,7.1282,7.1255,7.1151,6.9047,6.4342,6.7622,99.4269,94.3667,86.0176,65.3174,57.6848,50.761,95.5432,72.2372,50.8384,20.0566,14.1448,9.6033,0.61,0.95,1.56,1.9,1.58,-1.62,73.7909,97.7079,115.4291,145.906,188.1277,45.5839,0.3596,0.3596,0.3596,0.3596,0.3596,0.3596,98.8538,88.7335,72.0352,30.6348,15.3696,1.522,1.0901,1.1477,1.268,1.3467,1.2724,0.82,0.0,66.6667,20.0,80.0,0.0,85.7143,92.8571,7.1429,23.8095,95.2381,61.9048,0.0,99.4204,92.0025,78.3484,42.1429,29.3553,18.0954,0.1003,1.4136,3.8016,10.3001,12.8854,15.4234,34.513,33.9371,31.3142,25.3051,23.594,22.2385,0.0017,0.0396,0.1485,0.8872,1.8134,4.88,0.5979,0.9519,1.2236,2.1797,3.3205,7.0363,6.769,7.571,7.17,6.3386,6.96,7.5814,5.9241,7.5988,6.7614,4.9692,6.2164,7.4637,7.2455,5.9676,4.6897,4.6369,8.8012,6.719,7.8241,7.6014,7.5641,8.3369,9.0816,10.2283,5.9924,2.4908,-0.1491,0.2546,0.1055,78.5133,81.5975,4.4232,58.8037,5.3709,-5999168.4611,2959453.0
2019-02-14,7.37,41397.0,TBIO,7.3267,7.13,6.9429,6.335,6.0471,6.6867,7.35,7.242,7.1214,6.687,6.3877,6.3628,7.4265,7.4447,7.3976,6.9645,6.5781,6.1596,7.2279,7.2297,7.2252,7.0406,6.531,6.7724,97.0201,93.1878,85.3127,65.1049,57.5733,50.7178,96.8448,76.2296,54.8201,21.663,14.8828,9.8089,0.47,0.85,1.27,1.66,1.67,-1.36,57.5419,68.447,87.8325,122.5569,155.9053,50.5635,0.1163,0.1163,0.1163,0.1163,0.1163,0.1163,94.0403,86.3755,70.6254,30.2097,15.1467,1.4356,1.0681,1.1304,1.2082,1.2907,1.293,0.8442,0.0,100.0,0.0,100.0,0.0,100.0,100.0,0.0,19.0476,100.0,59.5238,14.2857,99.448,92.1992,78.7104,42.5464,29.6431,18.236,0.0731,1.1863,3.369,9.7746,12.4848,15.2116,26.4108,29.2275,28.2806,24.2514,23.0052,21.997,0.0012,0.0317,0.1273,0.8238,1.7271,4.7638,0.4186,0.7815,1.0688,2.044,3.1824,6.8888,7.1897,7.4636,7.3267,6.6299,7.13,7.6301,6.214,7.6717,6.9429,4.991,6.335,7.679,7.4502,6.0471,4.6441,4.69,8.6833,6.6867,7.1679,7.2562,7.3258,8.1686,8.9387,10.1372,6.0061,2.5084,-0.0865,0.2504,0.1639,79.2103,80.0543,6.6832,55.2792,5.5305,-6011683.8332,2918056.0
2019-02-15,9.35,145920.0,TBIO,8.0333,7.646,7.36,6.6021,6.2233,6.7143,8.3617,7.982,7.7232,7.089,6.6879,6.4867,8.907,8.5773,8.3354,7.6002,7.0655,6.4282,8.1552,8.159,8.158,7.9583,7.0918,6.8061,99.6361,98.3353,94.9231,79.3982,69.7303,57.9757,97.8724,80.5778,60.1899,24.837,16.5355,10.2819,2.12,2.58,2.92,3.74,3.7,1.16,100.0,166.6667,189.5561,201.5903,231.6164,143.5348,0.861,0.861,0.861,0.861,0.861,0.861,99.2723,96.6706,89.8463,58.7963,39.4607,15.9513,1.2932,1.3811,1.4541,1.6667,1.6549,1.1416,0.0,100.0,0.0,100.0,14.2857,100.0,100.0,0.0,14.2857,100.0,57.1429,11.9048,99.9275,97.9704,92.4085,66.0982,49.5891,29.6735,0.0235,0.5808,1.9954,7.6071,10.6775,14.1775,64.7804,56.6523,50.5743,37.27,31.6843,26.1416,0.0008,0.0254,0.1091,0.765,1.6448,4.6504,2.129,2.4752,2.7661,3.748,4.8808,8.5748,6.1713,9.8954,8.0333,5.907,7.646,9.385,5.6291,9.0909,7.36,4.6102,6.6021,8.5941,8.1962,6.2233,4.2504,4.6062,8.8223,6.7143,11.7168,9.3457,8.3567,7.6825,7.846,8.3681,6.0396,2.526,0.0039,0.3618,0.3657,86.2581,81.3273,9.9706,67.0255,5.6788,-5885394.3265,3063976.0
2019-02-19,8.31,151419.0,TBIO,8.3433,7.928,7.6157,6.8029,6.3452,6.7133,8.5,8.2033,7.9607,7.3167,6.8776,6.5609,8.6079,8.5888,8.4713,7.85,7.3066,6.5842,8.1648,8.1732,8.1757,8.0171,7.1956,6.8127,58.8981,65.7268,67.7551,64.4624,60.2145,53.7189,98.5631,84.1295,64.9568,28.0143,18.2682,10.7987,0.93,1.41,1.79,2.81,2.56,-0.04,45.2107,79.0924,112.4692,152.1172,182.2479,136.2981,-0.5152,-0.5152,-0.5152,-0.5152,-0.5152,-0.5152,17.7962,31.4537,35.5102,28.9248,20.4291,7.4378,1.126,1.2043,1.2745,1.5109,1.4452,0.9952,0.0,100.0,0.0,100.0,0.0,100.0,100.0,7.1429,9.5238,100.0,54.7619,9.5238,99.9446,98.3363,93.5583,69.3189,52.9214,31.9909,0.0114,0.3497,1.3368,6.0985,9.225,13.2236,41.3084,41.688,40.1668,33.6556,29.9649,25.664,0.0005,0.0203,0.0935,0.7103,1.5665,4.5397,1.8593,2.4201,2.8109,3.9202,5.0883,8.8105,6.726,9.9607,8.3433,6.3114,7.928,9.5446,5.9285,9.303,7.6157,4.7309,6.8029,8.8748,8.4946,6.3452,4.1959,4.6082,8.8185,6.7133,18.0543,13.9716,12.0303,10.012,9.7312,9.853,6.0623,2.5437,0.0905,0.3462,0.4367,74.0694,79.8459,12.0183,57.8695,5.9845,-5947662.3503,2912557.0
2019-02-20,8.54,211099.0,TBIO,8.7333,8.19,7.8686,7.0086,6.4886,6.7226,8.5983,8.4073,8.1918,7.5483,7.0771,6.6458,8.6311,8.6907,8.6382,8.1031,7.5541,6.7507,8.1945,8.2053,8.2178,8.1062,7.3433,6.8238,63.8071,68.6048,69.9725,65.9863,61.4366,54.4761,91.8349,84.1423,67.4723,30.5572,19.7501,11.2676,1.17,1.31,1.77,2.88,3.01,0.39,-100.0,20.2425,47.7021,101.2328,131.3044,107.6082,0.2623,0.2623,0.2623,0.2623,0.2623,0.2623,27.6142,37.2096,39.945,31.9726,22.8731,8.9523,1.1588,1.1812,1.2614,1.5088,1.5443,1.0479,0.0,66.6667,0.0,80.0,0.0,85.7143,92.8571,0.0,4.7619,95.2381,52.381,7.1429,78.3784,84.1936,82.5655,63.6149,49.3882,30.4899,3.5598,2.8332,3.1876,6.7258,9.4399,13.1907,29.3686,33.0156,33.3785,30.2444,27.8631,24.7626,0.1502,0.1661,0.2301,0.8095,1.6418,4.5815,1.2395,1.9361,2.4093,3.6402,4.846,8.6007,7.8412,9.6254,8.7333,6.6904,8.19,9.6896,6.2344,9.5028,7.8686,4.8608,7.0086,9.1563,8.7969,6.4886,4.1803,4.589,8.8563,6.7226,16.4736,13.7332,12.0746,10.0668,9.6984,9.6995,6.0871,2.5614,0.1735,0.3322,0.5057,63.5458,74.6244,14.0891,59.9526,6.3405,-5791938.1187,3123656.0
2019-02-21,8.45,36372.0,TBIO,8.4333,8.404,8.09,7.2064,6.6576,6.736,8.4567,8.494,8.3371,7.7405,7.2555,6.7262,8.5467,8.6693,8.6867,8.2785,7.7512,6.8978,8.2493,8.2214,8.2399,8.1598,7.5262,6.8362,59.627,65.8982,67.8427,64.8151,60.6709,54.1212,87.3494,84.1526,69.6285,32.9184,21.1614,11.7252,-0.9,1.07,1.55,2.77,3.55,0.56,-55.0069,-5.2083,29.2112,85.0046,113.4775,104.6446,-0.084,-0.084,-0.084,-0.084,-0.084,-0.084,19.2541,31.7963,35.6853,29.6302,21.3418,8.2424,0.9037,1.145,1.2246,1.4877,1.7245,1.071,0.0,33.3333,0.0,60.0,0.0,71.4286,85.7143,0.0,0.0,90.4762,50.0,4.7619,78.3784,84.1936,82.5655,63.6149,49.3882,30.4899,2.5018,2.2599,2.6734,6.0786,8.8071,12.7434,20.6395,26.3353,27.9941,27.334,25.9955,23.923,0.1002,0.1329,0.1972,0.7517,1.5636,4.4724,0.8263,1.5488,2.0651,3.3802,4.6152,8.396,8.2441,8.6226,8.4333,7.1411,8.404,9.6669,6.63,9.55,8.09,5.0744,7.2064,9.3385,8.9956,6.6576,4.3196,4.5666,8.9053,6.736,15.7936,13.9201,12.4717,10.4532,10.0056,9.9047,6.1107,2.5792,0.2482,0.2986,0.5468,46.9887,61.5346,15.6876,62.6979,6.6645,-5770237.1775,3087284.0
2019-02-22,8.7,1263624.0,TBIO,8.5633,8.67,8.3,7.4193,6.8205,6.7676,8.59,8.5927,8.4896,7.9396,7.4411,6.8175,8.6889,8.7742,8.8085,8.4756,7.9632,7.0576,8.3516,8.261,8.2814,8.2487,7.715,6.863,68.2842,70.0069,70.73,66.5891,62.0504,54.9563,88.0267,85.1798,72.0947,35.4826,22.742,12.2523,0.39,1.33,1.47,2.98,3.42,1.33,100.0,57.6477,74.3189,105.8519,126.7575,132.1479,0.1729,0.1729,0.1729,0.1729,0.1729,0.1729,36.5684,40.0138,41.4599,33.1782,24.1007,9.9127,1.0469,1.1805,1.2033,1.521,1.6477,1.1805,33.3333,0.0,0.0,40.0,0.0,57.1429,78.5714,0.0,0.0,85.7143,47.619,2.381,89.3812,89.2889,86.8918,68.8166,54.3527,33.8596,1.6697,1.7619,2.2088,5.4476,8.1649,12.2672,29.7789,31.1363,31.4917,29.4917,27.6089,24.8273,0.0668,0.1063,0.169,0.698,1.4892,4.3659,1.1909,1.8791,2.4101,3.7787,5.0355,8.8361,8.3566,8.7701,8.5633,7.9444,8.67,9.3956,6.979,9.621,8.3,5.3287,7.4193,9.5098,9.2274,6.8205,4.4136,4.5246,9.0106,6.7676,15.3223,13.8736,12.5668,10.5196,9.9833,9.755,6.1366,2.597,0.3171,0.2757,0.5927,49.3225,53.2857,16.9573,62.3369,6.9593,-5703730.6512,4350908.0
2019-02-25,9.01,279025.0,TBIO,8.72,8.602,8.5329,7.6471,6.9886,6.7869,8.8133,8.706,8.6671,8.1517,7.6402,6.9218,8.9597,8.9849,9.0058,8.7047,8.1983,7.2346,8.5162,8.283,8.354,8.3802,7.9281,6.8842,77.3271,74.7267,74.0948,68.6967,63.7077,55.9743,88.9213,86.1521,74.305,37.9261,24.2884,12.7812,0.47,-0.34,1.63,3.19,3.53,0.81,88.2038,114.2671,99.8394,109.948,129.2437,150.9076,0.2258,0.2258,0.2258,0.2258,0.2258,0.2258,54.6541,49.4534,48.1896,37.3934,27.4155,11.9487,1.055,0.9636,1.2209,1.5481,1.6442,1.0988,0.0,100.0,0.0,20.0,0.0,42.8571,71.4286,0.0,4.7619,80.9524,45.2381,0.0,90.7107,90.0412,87.5667,69.6915,55.2175,34.4698,1.2379,1.4773,1.9345,5.0527,7.75,11.9474,25.4146,28.1914,29.1836,28.289,26.8616,24.5164,0.0445,0.0851,0.1449,0.6481,1.4182,4.262,0.9139,1.6233,2.1858,3.6288,4.9157,8.7457,8.2619,9.1781,8.72,8.1218,8.602,9.0822,7.3785,9.6873,8.5329,5.6088,7.6471,9.6855,9.4888,6.9886,4.4884,4.4819,9.0919,6.7869,13.304,12.7814,11.8755,10.1694,9.6723,9.4409,6.1653,2.6148,0.383,0.2637,0.6467,53.6595,49.9902,17.9131,62.2287,7.2275,-5688729.3071,4629933.0
2019-02-26,9.8,219658.0,TBIO,9.17,8.9,8.88,7.9114,7.1833,6.8286,9.3533,9.1053,8.9839,8.4388,7.8958,7.062,9.6325,9.5202,9.4627,9.0789,8.5365,7.4711,9.0868,8.8323,8.559,8.6515,8.2698,6.9386,89.1512,83.1654,80.6935,73.3163,67.5051,58.4271,90.9217,87.4865,76.5719,40.4499,25.9335,13.3602,1.35,1.49,2.43,3.7,4.09,1.75,100.0,127.4093,176.136,129.4145,143.8584,181.5618,0.7358,0.7358,0.7358,0.7358,0.7358,0.7358,78.3024,66.3309,61.387,46.6326,35.0102,16.8542,1.1598,1.1793,1.3297,1.6066,1.7163,1.2174,0.0,100.0,20.0,100.0,0.0,100.0,100.0,0.0,0.0,100.0,42.8571,100.0,94.9224,92.8241,90.1736,73.26,58.8343,37.0954,0.8584,1.201,1.6604,4.6398,7.3056,11.5945,32.9522,32.2711,32.1336,30.0632,28.1882,25.2692,0.0297,0.0681,0.1242,0.6018,1.3507,4.1605,1.1393,1.8286,2.4036,3.8996,5.2116,9.0675,8.2438,10.0962,9.17,7.9226,8.9,9.8774,7.8823,9.8777,8.88,5.7864,7.9114,10.0365,9.884,7.1833,4.4827,4.3752,9.2819,6.8286,11.7598,11.5641,10.9036,9.4544,8.9842,8.7307,6.2017,2.6327,0.4553,0.2893,0.7446,69.5186,57.5002,19.2246,64.7889,7.4716,-5543672.1373,4849591.0
2019-02-27,9.92,163138.0,TBIO,9.5767,9.176,8.9614,8.1607,7.3886,6.8729,9.7283,9.4453,9.2439,8.7066,8.1445,7.2058,9.9326,9.8558,9.7933,9.4026,8.8472,7.7021,9.4571,9.2202,8.6059,8.8846,8.5975,6.9976,90.3034,84.1691,81.5274,73.9453,68.0385,58.7844,92.58,88.71,78.6254,42.8745,27.5565,13.9464,1.22,1.38,0.57,3.49,4.31,1.86,83.1284,103.8269,130.9072,133.3182,143.8286,191.5146,0.2087,0.2087,0.2087,0.2087,0.2087,0.2087,80.6068,68.3382,63.0547,47.8905,36.077,17.5688,1.1402,1.1616,1.061,1.5428,1.7683,1.2308,0.0,100.0,0.0,100.0,0.0,100.0,100.0,7.1429,0.0,100.0,40.4762,100.0,95.8965,93.6039,90.9466,74.3934,60.0178,37.9838,0.687,1.0658,1.5237,4.4284,7.0747,11.4073,32.798,32.2608,32.1374,30.1596,28.3144,25.3808,0.0198,0.0544,0.1065,0.5589,1.2864,4.0614,0.9445,1.6479,2.2452,3.8061,5.1484,9.0366,8.7693,10.384,9.5767,8.0016,9.176,10.3504,7.7528,10.17,8.9614,5.9714,8.1607,10.35,10.2311,7.3886,4.546,4.2696,9.4761,6.8729,9.6768,10.2984,10.0608,9.0868,8.7288,8.5577,6.2388,2.6508,0.5288,0.2937,0.8224,81.9342,68.3708,20.0981,60.5164,7.7225,-5519580.2671,5012729.0
2019-02-28,10.2,202588.0,TBIO,9.9733,9.526,9.2314,8.4236,7.6124,6.9402,10.04,9.7867,9.5536,8.9785,8.4001,7.3605,10.2144,10.1677,10.1097,9.7247,9.1614,7.9423,9.7873,9.6557,9.2075,9.135,8.9514,7.1055,92.931,86.5141,83.4708,75.4022,69.2742,59.614,63.5607,76.6665,73.4284,43.3135,28.3311,14.3505,1.19,1.75,1.89,3.68,4.7,2.83,35.2037,65.9372,85.4422,115.8864,124.089,174.8239,0.18,0.18,0.18,0.18,0.18,0.18,85.8621,73.0283,66.9416,50.8044,38.5483,19.2281,1.1321,1.2071,1.2274,1.5644,1.8545,1.384,0.0,100.0,0.0,100.0,14.2857,100.0,100.0,0.0,4.7619,100.0,38.0952,100.0,5.5221,28.4926,42.2465,49.0206,43.8224,30.9179,20.5647,13.1328,10.4344,9.1467,10.1781,12.8387,18.4124,23.5985,25.6998,26.7371,26.0573,24.3307,0.7033,0.7337,0.7813,1.209,1.9152,4.6548,0.6297,1.3183,1.9244,3.5342,4.9033,8.8214,9.6381,10.3085,9.9733,8.383,9.526,10.669,7.8886,10.5743,9.2314,6.202,8.4236,10.6452,10.5629,7.6124,4.6618,4.1493,9.7312,6.9402,11.1761,10.9538,10.4877,9.2565,8.7852,8.4748,6.2785,2.6689,0.6023,0.2941,0.8963,91.7577,81.0702,20.5168,69.5798,7.9911,-5371015.7337,5215317.0
2019-03-01,10.23,219408.0,TBIO,10.1167,9.832,9.4729,8.6707,7.83,7.0105,10.1683,10.0213,9.8032,9.2193,8.6381,7.5135,10.3038,10.3266,10.3064,9.9825,9.4349,8.1683,9.984,9.9109,9.5864,9.3351,9.2294,7.2173,93.2261,86.7765,83.6854,75.5599,69.4072,59.7031,44.2145,67.0317,68.9739,43.7211,29.0688,14.745,0.43,1.53,1.69,3.46,4.57,2.95,100.0,95.3811,90.69,124.7591,125.2649,178.3752,0.4124,0.4124,0.4124,0.4124,0.4124,0.4124,86.4521,73.553,67.3707,51.1198,38.8144,19.4061,1.0439,1.1759,1.1979,1.5111,1.8074,1.4052,66.6667,66.6667,0.0,80.0,0.0,85.7143,92.8571,0.0,0.0,95.2381,35.7143,97.619,5.5221,28.4926,42.2465,49.0206,43.8224,30.9179,16.9574,11.8471,9.7013,8.799,9.9099,12.6652,15.1826,21.2882,23.8942,25.7208,25.3707,24.0018,0.4689,0.5869,0.6697,1.1227,1.824,4.544,0.4198,1.0546,1.6495,3.2818,4.6698,8.6114,9.8375,10.3959,10.1167,8.9473,9.832,10.7167,8.1066,10.8391,9.4729,6.4702,8.6707,10.8713,10.8459,7.83,4.8141,4.0458,9.9752,7.0105,9.0092,9.6855,9.6403,8.9088,8.5681,8.3616,6.318,2.6871,0.6711,0.2753,0.9464,91.1436,88.2785,20.7946,68.1213,8.2802,-5269228.5172,5434725.0
2019-03-04,9.22,200770.0,TBIO,9.8833,9.874,9.5829,8.8364,7.9986,7.0514,9.72,9.8173,9.74,9.2926,8.7645,7.6163,9.5502,9.8253,9.9704,9.9291,9.4922,8.2865,9.8715,9.9008,9.5669,9.3264,9.2283,7.253,29.9998,47.7149,55.427,61.3095,60.1927,55.4847,48.4295,56.9037,59.8357,42.5346,29.0705,14.9678,-0.7,0.21,0.77,2.32,3.54,1.72,-95.4874,-85.6481,4.9157,68.2253,85.8574,135.9872,-0.9545,-0.9545,-0.9545,-0.9545,-0.9545,-0.9545,-40.0005,-4.5702,10.854,22.6189,20.3855,10.9695,0.9294,1.0233,1.0911,1.3362,1.6232,1.2293,33.3333,33.3333,0.0,60.0,0.0,71.4286,85.7143,0.0,0.0,90.4762,33.3333,95.2381,56.8596,16.3913,5.0068,27.1097,29.1053,24.1049,34.5728,23.197,18.2272,13.4964,13.109,14.2311,9.5084,16.6634,20.1487,23.5356,23.8727,23.2709,1.0176,1.1745,1.279,1.7475,2.4422,5.1408,0.2799,0.8437,1.4139,3.0473,4.4474,8.4063,8.9449,10.8217,9.8833,9.1428,9.874,10.6052,8.4617,10.704,9.5829,6.8558,8.8364,10.8171,10.9088,7.9986,5.0884,4.0142,10.0887,7.0514,10.6409,10.9833,10.8727,10.0308,9.6221,9.3407,6.347,2.7054,0.7158,0.1786,0.8943,67.9858,83.629,20.5238,59.9924,8.5346,-5451746.699,5233955.0
2019-03-05,9.41,100367.0,TBIO,9.62,9.796,9.6843,8.9921,8.1743,7.0971,9.4833,9.6627,9.6968,9.369,8.8928,7.726,9.4217,9.6409,9.8177,9.9237,9.5703,8.4132,9.7775,9.8794,9.5592,9.3324,9.2496,7.2955,41.2441,52.7195,58.5024,62.7333,61.21,56.0827,51.5645,49.0058,51.8742,41.3922,29.0535,15.1809,-0.79,-0.39,0.71,2.18,3.69,1.92,-65.2549,-103.2591,-50.2026,47.0554,72.7994,120.8991,0.4803,0.4803,0.4803,0.4803,0.4803,0.4803,-17.5117,5.439,17.0047,25.4667,22.4199,12.1654,0.9225,0.9602,1.0816,1.3015,1.6451,1.2563,0.0,0.0,40.0,40.0,0.0,57.1429,78.5714,0.0,0.0,85.7143,30.9524,92.8571,57.8345,17.4143,4.1048,26.5412,28.713,23.9174,27.8964,20.8981,17.0274,13.0741,12.8303,14.0718,7.4525,14.6991,18.4851,22.5217,23.1659,22.9191,0.6984,0.9596,1.1163,1.6427,2.3459,5.0384,0.1866,0.675,1.2119,2.8297,4.2356,8.2062,8.7435,10.4965,9.62,8.9725,9.796,10.6195,8.7969,10.5717,9.6843,7.2082,8.9921,10.7761,10.9557,8.1743,5.3929,3.9782,10.2161,7.0971,8.8682,9.7597,9.9531,9.5372,9.2528,9.0712,6.3776,2.7238,0.7443,0.1142,0.8585,48.7636,69.2977,20.5041,60.2723,8.7584,-5455696.1118,5334322.0
2019-03-06,9.02,190362.0,TBIO,9.2167,9.616,9.6857,9.1093,8.3267,7.1505,9.1833,9.404,9.5307,9.3728,8.9697,7.8154,9.0942,9.3166,9.5356,9.8135,9.5659,8.4951,9.5705,9.7743,9.5568,9.3184,9.2293,7.337,27.5958,42.3249,50.2068,58.0138,58.0149,54.5422,58.4959,45.8527,45.8768,39.7036,28.7484,15.3198,-1.21,-0.9,0.01,1.64,3.2,2.24,-100.0,-107.9827,-130.1866,10.7783,52.078,99.3584,-0.6812,-0.6812,-0.6812,-0.6812,-0.6812,-0.6812,-44.8085,-15.3503,0.4135,16.0277,16.0297,9.0843,0.8817,0.9093,1.0011,1.2222,1.5498,1.3304,100.0,0.0,100.0,20.0,0.0,42.8571,71.4286,0.0,0.0,80.9524,28.5714,90.4762,72.3587,33.2404,9.8925,17.7515,22.6473,21.0159,32.878,24.6978,20.0785,14.8528,14.0537,14.6692,5.2727,12.3748,16.4636,21.2641,22.283,22.4754,0.7756,1.0777,1.2669,1.8353,2.5442,5.2285,0.1244,0.54,1.0388,2.6276,4.0339,8.0108,8.8982,9.5351,9.2167,8.607,9.616,10.625,8.8026,10.5688,9.6857,7.5648,9.1093,10.6537,10.9197,8.3267,5.7336,3.9789,10.3221,7.1505,8.7176,9.6753,9.9929,9.7853,9.5575,9.4202,6.404,2.7422,0.7533,0.0362,0.7895,22.2906,46.3467,18.1305,58.2478,10.4,-5546738.8074,5143960.0
2019-03-07,9.84,121769.0,TBIO,9.4233,9.544,9.6914,9.2857,8.5048,7.1852,9.495,9.4787,9.5693,9.4702,9.1072,7.9405,9.6088,9.595,9.7035,9.9207,9.7,8.6452,9.6001,9.7758,9.5583,9.3542,9.2918,7.3772,64.5713,62.0109,63.0568,64.125,62.3532,57.0814,40.1145,37.1336,40.926,38.734,28.715,15.5215,0.62,-0.36,0.04,2.47,3.74,1.46,90.1076,13.3176,-8.1154,54.9171,76.0285,117.4079,0.8125,0.8125,0.8125,0.8125,0.8125,0.8125,29.1426,24.0217,26.1136,28.25,24.7065,14.1628,1.0672,0.9647,1.0041,1.3351,1.6131,1.1742,66.6667,0.0,80.0,0.0,85.7143,28.5714,64.2857,0.0,0.0,76.1905,26.1905,88.0952,3.3517,2.2572,11.2213,26.1294,28.0454,23.7875,20.2557,19.2841,16.9983,13.6841,13.2978,14.2673,21.6606,20.1748,21.2953,23.3647,23.6639,23.1735,0.5171,0.8622,1.0859,1.7042,2.423,5.104,0.5529,0.902,1.3604,2.9099,4.3118,8.2901,8.7535,10.0931,9.4233,8.6696,9.544,10.4184,8.8049,10.5779,9.6914,8.0411,9.2857,10.5303,10.9723,8.5048,6.0372,3.9296,10.4409,7.1852,8.6472,9.0871,9.2743,9.0405,8.8181,8.6667,6.4384,2.7607,0.761,0.0308,0.7919,37.1093,36.0545,17.2576,58.7096,10.3844,-5465559.4741,5265729.0
2019-03-08,7.95,309676.0,TBIO,8.9367,9.088,9.41,9.1857,8.5771,7.2002,8.7583,8.9473,9.1339,9.2921,9.0568,7.9761,8.3777,8.696,8.9796,9.5294,9.484,8.6126,9.4001,9.5069,9.3917,9.3098,9.2605,7.3818,23.3481,31.265,37.2247,47.1062,49.8796,50.4302,48.6641,39.584,39.9455,36.3672,27.5652,15.4259,-1.46,-2.28,-1.97,-1.4,1.52,0.63,-100.0,-146.0891,-170.7526,-85.3749,-4.3873,60.1157,-0.8222,-0.8222,-0.8222,-0.8222,-0.8222,-0.8222,-53.3038,-37.4699,-25.5506,-5.7876,-0.2408,0.8603,0.8448,0.7771,0.8014,0.8503,1.2364,1.0861,100.0,66.6667,100.0,0.0,100.0,14.2857,57.1429,0.0,4.7619,71.4286,23.8095,85.7143,65.7632,49.3857,34.0624,5.5983,4.5692,11.5069,45.1621,36.5514,30.6871,21.8791,19.1172,17.2776,9.3278,12.3842,15.0932,19.5592,20.9479,21.7709,1.7847,2.1297,2.3707,3.0225,3.7476,6.4224,0.3686,0.7216,1.166,2.702,4.1065,8.0927,7.389,10.4843,8.9367,7.8274,9.088,10.3486,7.9362,10.8838,9.41,7.7653,9.1857,10.6062,10.8807,8.5771,6.2735,3.9365,10.464,7.2002,16.5693,14.6583,13.8824,12.412,11.7425,11.1456,6.4535,2.7791,0.7356,-0.1017,0.6339,30.1455,29.8485,15.369,48.0763,10.369,-5678891.8296,4956053.0
2019-03-11,7.76,308626.0,TBIO,8.5167,8.796,9.0614,9.1464,8.6362,7.2207,8.17,8.5047,8.7214,9.102,8.9825,8.0021,7.8205,8.108,8.4249,9.1601,9.2598,8.5642,9.2256,9.3312,9.1441,9.2894,9.2329,7.3856,21.2978,29.4313,35.5181,45.7905,48.8481,49.8322,54.3638,41.5444,39.1051,34.1694,26.4701,15.3326,-1.26,-1.46,-2.44,-0.55,1.24,0.86,-69.2041,-104.938,-132.5501,-114.8724,-38.0051,42.2842,-0.1389,-0.1389,-0.1389,-0.1389,-0.1389,-0.1389,-57.4044,-41.1373,-28.9637,-8.419,-2.3038,-0.3356,0.8603,0.8416,0.7608,0.9338,1.1902,1.1246,66.6667,33.3333,80.0,0.0,85.7143,0.0,50.0,7.1429,0.0,66.6667,21.4286,83.3333,65.7632,49.3857,34.0624,5.5983,4.5692,11.5069,29.7257,28.2578,25.4327,19.7705,17.812,16.6499,6.1396,9.5742,12.5089,17.6743,19.5177,20.9799,1.1898,1.7038,2.0321,2.8066,3.5692,6.2695,0.2457,0.5773,0.9995,2.509,3.911,7.9,6.6388,10.3946,8.5167,7.1697,8.796,10.4223,7.3628,10.76,9.0614,7.6059,9.1464,10.6869,10.7842,8.6362,6.4882,3.9539,10.4875,7.2207,17.1934,15.5398,14.7091,13.067,12.2966,11.5664,6.4666,2.7976,0.686,-0.1983,0.4878,28.5216,31.9255,13.5315,39.1427,10.3136,-5926609.2557,4647427.0
